{"type":"FeatureCollection","features":[{"type":"Feature","properties":{"codigo":"12001","nombre":"Atzeneta del Maestrat"},"geometry":{"type":"MultiPolygon","coordinates":[[[[-0.233871499999964,40.223220999000034],[-0.239581,40.23361899900004],[-0.263307,40.24859599900003],[-0.277686499999959,40.259986999000034],[-0.253555,40.26357649900007],[-0.245284,40.27181199900008],[-0.23843949999997,40.27587149900006],[-0.178201290999937,40.237020458000075],[-0.170090845999937,40.23579128000006],[-0.156183875999943,40.24050199800007],[-0.136914058999935,40.23664142300004],[-0.139301509999939,40.245257114000026],[-0.149032194999961,40.25034881500005],[-0.154184803999954,40.258467333000056],[-0.159573499999965,40.25702649900006],[-0.160233539999979,40.26580938200004],[-0.155843896999954,40.273088545000064],[-0.139054579999936,40.28412776600004],[-0.113187633999928,40.27511709000004],[-0.111856803999956,40.26122485500008],[-0.121105781999972,40.24312883300007],[-0.110263,40.23410399900007],[-0.11805908599996,40.22810050100003],[-0.133681810999974,40.22866611000006],[-0.140264309999964,40.218690019000064],[-0.140604813999971,40.21162371600008],[-0.154217165999967,40.20943341700007],[-0.159546725999974,40.201208362000045],[-0.196767499999964,40.176532499000075],[-0.212225499999931,40.195106499000076],[-0.218853,40.20133199900005],[-0.233871499999964,40.223220999000034]]]]}},{"type":"Feature","properties":{"codigo":"12002","nombre":"Aín"},"geometry":{"type":"MultiPolygon","coordinates":[[[[-0.31977,39.902183499000046],[-0.326419821999934,39.89735335600005],[-0.330521904999955,39.887354007000056],[-0.336596804999942,39.885035996000056],[-0.335842499999956,39.874347499000066],[-0.343912,39.87431699900003],[-0.349808737999979,39.87729064900003],[-0.367641499999934,39.87993249900006],[-0.372206657999925,39.88770237600005],[-0.379519177999953,39.89385756200005],[-0.382782,39.89473349900004],[-0.376515,39.901428999000075],[-0.361015,39.89752549900004],[-0.355748,39.906764999000075],[-0.353411,39.90823349900006],[-0.332201,39.91157899900003],[-0.322082499999965,39.90919899900007],[-0.324295499999948,39.90733349900006],[-0.31977,39.902183499000046]]]]}},{"type":"Feature","properties":{"codigo":"12003","nombre":"Albocàsser"},"geometry":{"type":"MultiPolygon","coordinates":[[[[-0.007386499999939,40.31837099900008],[-0.031231,40.31777549900005],[-0.033495,40.32193349900007],[-0.030899285999965,40.32994846500003],[-0.018160923999972,40.34487248900007],[-0.016808860999959,40.351414549000026],[-0.028526499999941,40.362498999000024],[-0.033913,40.36505499900005],[-0.041733499999964,40.36529149900008],[-0.04514949999998,40.36688999900008],[-0.037490499999933,40.384986999000034],[-0.018450499999972,40.395496499000046],[-0.007268499999952,40.40801599900004],[0.014189,40.441016999000055],[0.020837,40.44440099900004],[0.031678500000055,40.44692599900003],[0.030767130000072,40.41823541400004],[0.045607055000062,40.40907344900006],[0.048050912000065,40.40194011300008],[0.056633010000041,40.394949247000056],[0.064876226000024,40.39675195700005],[0.066505371000062,40.39254459000006],[0.072069326000076,40.39382592900006],[0.078042025000059,40.38810111400005],[0.084049500000049,40.389148499000044],[0.081612,40.37523249900005],[0.04944850000004,40.340778499000066],[0.039452500000039,40.33573499900007],[0.023062500000037,40.32139599900006],[0.006645500000047,40.31795099900006],[-0.007386499999939,40.31837099900008]]]]}},{"type":"Feature","properties":{"codigo":"12004","nombre":"Alcalà de Xivert"},"geometry":{"type":"MultiPolygon","coordinates":[[[[0.169027500000027,40.37304699900005],[0.171739,40.37360399900007],[0.177484,40.380840499000044],[0.184653,40.38570399900004],[0.186747500000024,40.390907499000036],[0.189599500000043,40.39342099900006],[0.30249850000007,40.32346349900007],[0.29716161500005,40.30617336900008],[0.322356,40.27434899900004],[0.311079196000037,40.268308586000046],[0.303723071000036,40.25999938100006],[0.291818840000076,40.25537753800006],[0.278595118000055,40.243427635000046],[0.264553415000023,40.21008899700007],[0.255739,40.20327399900003],[0.246552085000076,40.21366809700004],[0.204385654000021,40.23443807000007],[0.194928877000052,40.23552835800007],[0.182199721000075,40.23235345300003],[0.16899373800004,40.221063611000034],[0.158043,40.221141999000054],[0.153884500000061,40.223434499000064],[0.160144500000058,40.231479499000045],[0.174201500000038,40.25688949900007],[0.176548,40.26531999900004],[0.175395500000036,40.27736649900004],[0.173665,40.278835499000024],[0.171902,40.28691849900008],[0.17378350000007,40.29042049900005],[0.179772,40.29419349900007],[0.180535500000076,40.29919799900006],[0.179944,40.303382999000064],[0.173644500000023,40.31079849900004],[0.165616,40.32783549900006],[0.180573,40.34333049900005],[0.164638500000024,40.35977549900008],[0.169464,40.36777499900006],[0.167617,40.37058249900008],[0.169027500000027,40.37304699900005]]]]}},{"type":"Feature","properties":{"codigo":"12005","nombre":"Alcora, l'"},"geometry":{"type":"MultiPolygon","coordinates":[[[[-0.304783499999928,40.05863949900004],[-0.292954521999945,40.07192667400005],[-0.260126717999924,40.087286783000025],[-0.257452133999948,40.09610686100007],[-0.245559167999943,40.09939261200003],[-0.235052941999925,40.097747698000035],[-0.226251499999933,40.108550999000045],[-0.221276,40.11780949900003],[-0.194473499999958,40.127620499000045],[-0.191243606999933,40.12493057000006],[-0.18872764799994,40.11136870800004],[-0.177292604999934,40.105685046000076],[-0.172706339999934,40.09938544600004],[-0.16137551199995,40.09711869000006],[-0.148742,40.088027999000076],[-0.165341713999965,40.07044953600007],[-0.163875898999947,40.06643153600004],[-0.152451797999959,40.05764987900005],[-0.159876347999955,40.03899888500007],[-0.157776,40.033254999000064],[-0.162735776999966,40.02926513800003],[-0.160759499999926,40.020181999000044],[-0.173277007999957,40.021989046000044],[-0.20662490899997,40.01166325400004],[-0.212489054999935,40.02144893600007],[-0.233482460999937,40.02598164700004],[-0.282812253999964,40.047447238000075],[-0.292694499999925,40.04730549900006],[-0.29420749999997,40.055427499000075],[-0.300268,40.058406999000056],[-0.304783499999928,40.05863949900004]]]]}},{"type":"Feature","properties":{"codigo":"12006","nombre":"Alcudia de Veo"},"geometry":{"type":"MultiPolygon","coordinates":[[[[-0.281746,39.90865699900007],[-0.305097746999934,39.90823639900003],[-0.312571885999944,39.90243980200006],[-0.31977,39.902183499000046],[-0.324295499999948,39.90733349900006],[-0.322082499999965,39.90919899900007],[-0.332201,39.91157899900003],[-0.353411,39.90823349900006],[-0.355748,39.906764999000075],[-0.361015,39.89752549900004],[-0.376515,39.901428999000075],[-0.389115,39.91153349900003],[-0.389992,39.918308499000034],[-0.409271499999932,39.925163499000064],[-0.413313499999958,39.92811949900005],[-0.416729499999974,39.93588649900005],[-0.411314499999946,39.93864799900007],[-0.405951,39.93780849900003],[-0.400771,39.934307499000056],[-0.395509,39.935756499000036],[-0.378433807999954,39.92831174200006],[-0.365818528999966,39.93271154000007],[-0.351797583999939,39.932972594000034],[-0.33767165699993,39.943554232000054],[-0.329911,39.94491949900004],[-0.326761968999961,39.93939923700003],[-0.316580469999963,39.93417489500007],[-0.296796480999944,39.929980217000036],[-0.289633306999974,39.92281911100008],[-0.280389,39.92136399900005],[-0.281746,39.90865699900007]]]]}},{"type":"Feature","properties":{"codigo":"12007","nombre":"Alfondeguilla"},"geometry":{"type":"MultiPolygon","coordinates":[[[[-0.285174499999926,39.870704499000055],[-0.273032862999969,39.87090573200004],[-0.239143,39.86354449900006],[-0.241267108999978,39.853704650000054],[-0.254542928999967,39.84654497900004],[-0.254127213999936,39.83357273000007],[-0.261632704999954,39.825794536000046],[-0.273909089999961,39.82108701100003],[-0.287187284999959,39.807548402000066],[-0.299463666999941,39.803868701000056],[-0.308501499999977,39.79699349900005],[-0.31596049999996,39.79983549900004],[-0.31039549999997,39.81401799900004],[-0.313409,39.82274599900006],[-0.316225499999973,39.82305549900008],[-0.312721499999952,39.83079899900008],[-0.302401,39.84131649900007],[-0.299998,39.853450499000076],[-0.292225499999972,39.857905999000025],[-0.293327499999975,39.86375049900005],[-0.285174499999926,39.870704499000055]]]]}},{"type":"Feature","properties":{"codigo":"12008","nombre":"Algimia de Almonacid"},"geometry":{"type":"MultiPolygon","coordinates":[[[[-0.376515,39.901428999000075],[-0.382782,39.89473349900004],[-0.411049,39.89166649900005],[-0.410490838999976,39.89814946700005],[-0.419689758999937,39.90500677400007],[-0.433628245999955,39.90275683900006],[-0.440514809999968,39.904331874000036],[-0.448101090999955,39.908895450000045],[-0.455872800999941,39.91895791500008],[-0.469348499999967,39.92372499900006],[-0.46371449999998,39.926746499000046],[-0.456327499999929,39.927486499000054],[-0.441958499999942,39.93725949900005],[-0.434178,39.94003299900004],[-0.427278,39.93675249900008],[-0.416729499999974,39.93588649900005],[-0.413313499999958,39.92811949900005],[-0.409271499999932,39.925163499000064],[-0.389992,39.918308499000034],[-0.389115,39.91153349900003],[-0.376515,39.901428999000075]]]]}},{"type":"Feature","properties":{"codigo":"12009","nombre":"Almassora"},"geometry":{"type":"MultiPolygon","coordinates":[[[[-0.135154,39.98648349900003],[-0.132309795999959,39.98813786900007],[-0.104882911999937,39.98141721300004],[-0.061873479999974,39.95615415300006],[-0.025620332999949,39.946785412000054],[-0.013867525999956,39.948434348000035],[0.002518,39.942836499000066],[0.00159350000007,39.93612299900008],[-0.00584,39.91593949900005],[-0.010018499999944,39.91104149900008],[-0.020416720999947,39.91787383800005],[-0.061008499999957,39.932903499000076],[-0.085605648999945,39.95332948600003],[-0.099684334999949,39.95478814400008],[-0.116471270999966,39.96256086300008],[-0.121552300999952,39.960609712000064],[-0.129765996999936,39.962451728000076],[-0.153618499999936,39.971164499000054],[-0.146524499999941,39.97787099900006],[-0.137057,39.982817999000076],[-0.135154,39.98648349900003]]]]}},{"type":"Feature","properties":{"codigo":"12010","nombre":"Almedíjar"},"geometry":{"type":"MultiPolygon","coordinates":[[[[-0.367641499999934,39.87993249900006],[-0.384528882999973,39.872962046000055],[-0.391428313999938,39.86645160000006],[-0.397791499999926,39.85321749900004],[-0.401287,39.848884499000064],[-0.404604,39.84828199900005],[-0.419440499999951,39.83847049900004],[-0.423374,39.845474499000034],[-0.423899,39.84923499900003],[-0.428800499999966,39.85662049900003],[-0.43422,39.86112949900007],[-0.434373,39.870265999000026],[-0.441888499999948,39.87657549900007],[-0.444108,39.88102349900004],[-0.43395449999997,39.88524599900006],[-0.411049,39.89166649900005],[-0.382782,39.89473349900004],[-0.379519177999953,39.89385756200005],[-0.372206657999925,39.88770237600005],[-0.367641499999934,39.87993249900006]]]]}},{"type":"Feature","properties":{"codigo":"12011","nombre":"Almenara"},"geometry":{"type":"MultiPolygon","coordinates":[[[[-0.246033499999953,39.77680599900003],[-0.17204849999996,39.74600199900004],[-0.182865499999934,39.73258199900005],[-0.188467,39.72195449900005],[-0.232613600999969,39.73911102500006],[-0.25974,39.74353049900003],[-0.271125,39.75045799900005],[-0.273640499999942,39.75510049900004],[-0.272634092999965,39.76071596000003],[-0.276461,39.770545999000035],[-0.246033499999953,39.77680599900003]]]]}},{"type":"Feature","properties":{"codigo":"12012","nombre":"Altura"},"geometry":{"type":"MultiPolygon","coordinates":[[[[-0.530530499999941,39.79598249900005],[-0.548349,39.79573799900004],[-0.558495499999935,39.79054649900007],[-0.576993499999958,39.77320849900008],[-0.57709449999993,39.768028499000025],[-0.588168499999938,39.74169549900006],[-0.630954,39.74634099900004],[-0.652293,39.75408949900003],[-0.649029,39.77084349900008],[-0.647664,39.787933499000076],[-0.644654499999945,39.79159149900005],[-0.650981,39.81195449900008],[-0.652209499999969,39.822860999000056],[-0.656098499999928,39.83596799900005],[-0.645250358999931,39.84101835300004],[-0.631091738999942,39.85543157200004],[-0.613098923999928,39.86585211100004],[-0.554557391999936,39.86583419900006],[-0.531199389999927,39.87278102000005],[-0.516118,39.87121949900006],[-0.495685683999966,39.84360850400003],[-0.49428488999996,39.83462233700004],[-0.507641802999956,39.81590950700007],[-0.530530499999941,39.79598249900005]]]]}},{"type":"Feature","properties":{"codigo":"12013","nombre":"Arañuel"},"geometry":{"type":"MultiPolygon","coordinates":[[[[-0.500237499999969,40.10766999900005],[-0.471424921999926,40.09924256700003],[-0.456483499999933,40.08798999900006],[-0.462346545999935,40.07280879000007],[-0.49217,40.05260849900003],[-0.502395871999965,40.06326840000003],[-0.503178931999969,40.075974753000025],[-0.525434755999925,40.08899327700004],[-0.500237499999969,40.10766999900005]]]]}},{"type":"Feature","properties":{"codigo":"12014","nombre":"Ares del Maestrat"},"geometry":{"type":"MultiPolygon","coordinates":[[[[-0.138029499999959,40.50383399900005],[-0.132010507999951,40.50886509000003],[-0.123639154999978,40.50563339300004],[-0.111091979999969,40.51095666700007],[-0.086432737999928,40.50805270400008],[-0.078824976999954,40.49256156700005],[-0.073920946999976,40.48814811900007],[-0.07420880799998,40.48127049500005],[-0.064476653999975,40.473171636000075],[-0.056412272999978,40.459328603000074],[-0.055962842999975,40.43939770700007],[-0.042816499999958,40.41374199900008],[-0.040922880999972,40.396403871000075],[-0.054856097999959,40.381244657000025],[-0.04514949999998,40.36688999900008],[-0.071913,40.37976049900004],[-0.081219064999971,40.378899329000035],[-0.110241732999953,40.38920432500004],[-0.118367344999967,40.40110862200004],[-0.141346910999971,40.40758797900003],[-0.146283215999972,40.41231552600004],[-0.14672692299996,40.42065322700006],[-0.16279,40.43263249900008],[-0.182672781999941,40.44480518000006],[-0.192225384999972,40.44703458400005],[-0.212641,40.46343249900008],[-0.175461513999949,40.467533573000026],[-0.162814649999973,40.482826260000024],[-0.138029499999959,40.50383399900005]]]]}},{"type":"Feature","properties":{"codigo":"12015","nombre":"Argelita"},"geometry":{"type":"MultiPolygon","coordinates":[[[[-0.367736499999978,40.074500999000065],[-0.362648499999978,40.074474499000075],[-0.343245,40.08221799900008],[-0.338194,40.08546449900007],[-0.33418649999993,40.09258649900005],[-0.329604,40.093379999000035],[-0.31814849999995,40.100486499000056],[-0.323543905999941,40.08124720400008],[-0.319817383999975,40.06848751200005],[-0.310129,40.065814999000054],[-0.312957,40.064883999000074],[-0.342334,40.04413249900006],[-0.351971895999952,40.04302857300007],[-0.36646301299993,40.05506111200003],[-0.363407351999967,40.06630290700008],[-0.367736499999978,40.074500999000065]]]]}},{"type":"Feature","properties":{"codigo":"12016","nombre":"Artana"},"geometry":{"type":"MultiPolygon","coordinates":[[[[-0.26077,39.92602549900005],[-0.255707,39.93005749900004],[-0.248643499999957,39.92615099900007],[-0.234175,39.92605199900004],[-0.21150416699993,39.90659859200008],[-0.197162,39.89889549900005],[-0.235911499999929,39.861018999000066],[-0.239143,39.86354449900006],[-0.273032862999969,39.87090573200004],[-0.285174499999926,39.870704499000055],[-0.289638499999967,39.87493499900006],[-0.28461649999997,39.88277049900006],[-0.277173499999947,39.89031599900005],[-0.274071499999934,39.896018999000034],[-0.281746,39.90865699900007],[-0.280389,39.92136399900005],[-0.26077,39.92602549900005]]]]}},{"type":"Feature","properties":{"codigo":"12017","nombre":"Ayódar"},"geometry":{"type":"MultiPolygon","coordinates":[[[[-0.341243499999962,39.97986999900007],[-0.347786796999969,39.97641096900003],[-0.356680534999953,39.98032808200003],[-0.367171,39.971317499000065],[-0.381882398999949,39.97136108300003],[-0.392216558999962,39.976210982000055],[-0.411724854999932,39.96990591300005],[-0.422140499999955,39.97601349900003],[-0.416538627999955,39.98673962700008],[-0.421508,39.99906149900005],[-0.404507089999925,40.01089137100007],[-0.402830499999936,40.01994699900007],[-0.392001499999935,40.01785649900006],[-0.387278,40.01667799900008],[-0.370485,40.00610349900006],[-0.356703499999981,40.00714099900006],[-0.346164,40.004672999000036],[-0.35257,39.99893499900003],[-0.349659,39.98966599900007],[-0.341243499999962,39.97986999900007]]]]}},{"type":"Feature","properties":{"codigo":"12018","nombre":"Azuébar"},"geometry":{"type":"MultiPolygon","coordinates":[[[[-0.367641499999934,39.87993249900006],[-0.349808737999979,39.87729064900003],[-0.343912,39.87431699900003],[-0.341126297999949,39.86443942000005],[-0.350173930999972,39.836302174000025],[-0.347000475999948,39.83178679200006],[-0.329572,39.82352449900003],[-0.357248843999969,39.82333944700008],[-0.375781828999948,39.81873249200004],[-0.379456621999964,39.83198807800005],[-0.397791499999926,39.85321749900004],[-0.391428313999938,39.86645160000006],[-0.384528882999973,39.872962046000055],[-0.367641499999934,39.87993249900006]]]]}},{"type":"Feature","properties":{"codigo":"12020","nombre":"Barracas"},"geometry":{"type":"MultiPolygon","coordinates":[[[[-0.654428499999938,39.97996149900007],[-0.657425531999934,39.96292115400007],[-0.673781611999971,39.961767972000075],[-0.689871203999928,39.95664529600003],[-0.689941499999975,39.95191949900004],[-0.699140360999934,39.952327524000054],[-0.704165499999931,39.948356499000056],[-0.70444,39.955913499000076],[-0.719358499999942,39.998698999000055],[-0.730262,40.005149999000025],[-0.737974,40.02064149900008],[-0.742087499999968,40.03589999900004],[-0.715288499999929,40.03252799900008],[-0.701667226999973,40.04495437400004],[-0.68868247599994,40.04095445100006],[-0.68799185499995,40.03541031300006],[-0.673906238999962,40.01710639300006],[-0.664410519999933,39.98706338900007],[-0.654428499999938,39.97996149900007]]]]}},{"type":"Feature","properties":{"codigo":"12021","nombre":"Betxí"},"geometry":{"type":"MultiPolygon","coordinates":[[[[-0.174875499999928,39.938014999000075],[-0.168402792999927,39.91888292400006],[-0.169649,39.89590049900005],[-0.193490499999939,39.89546199900008],[-0.197162,39.89889549900005],[-0.21150416699993,39.90659859200008],[-0.234175,39.92605199900004],[-0.226178803999971,39.92984547000003],[-0.209795613999972,39.94825669200003],[-0.174875499999928,39.938014999000075]]]]}},{"type":"Feature","properties":{"codigo":"12022","nombre":"Bejís"},"geometry":{"type":"MultiPolygon","coordinates":[[[[-0.704063499999961,39.868412499000044],[-0.733634189999975,39.86940741600006],[-0.78341506299995,39.88590791800004],[-0.797528499999942,39.88325499900003],[-0.784359351999967,39.902741906000074],[-0.77359159599996,39.91087600100008],[-0.770509747999938,39.918995719000065],[-0.739164825999978,39.929920827000046],[-0.721897499999955,39.939895499000045],[-0.700669606999952,39.920623060000025],[-0.694885770999974,39.907877658000075],[-0.689758,39.90309149900003],[-0.696252330999926,39.89628216700004],[-0.697699427999964,39.88578031600008],[-0.708976339999936,39.87529647200006],[-0.704063499999961,39.868412499000044]]]]}},{"type":"Feature","properties":{"codigo":"12024","nombre":"Benafer"},"geometry":{"type":"MultiPolygon","coordinates":[[[[-0.563587,39.93326199900008],[-0.568629,39.933005999000045],[-0.573608499999978,39.92683049900006],[-0.579996499999936,39.927497999000025],[-0.59040136699997,39.93253058800008],[-0.598935032999975,39.95319746200005],[-0.63526762999993,39.97028153400004],[-0.647132499999941,39.981696999000064],[-0.636813,39.98104449900006],[-0.623856499999931,39.98659899900008],[-0.613291,39.996398999000064],[-0.609239,40.00479149900008],[-0.609884,40.00678649900004],[-0.618341499999929,40.013854999000046],[-0.616351499999951,40.01749799900006],[-0.601030244999947,40.00604799100006],[-0.597653949999938,39.99992510800007],[-0.600955621999958,39.984452487000055],[-0.595696773999975,39.97457480600008],[-0.601887168999951,39.965819837000026],[-0.600935016999927,39.95911337200005],[-0.588614870999947,39.95290963200006],[-0.563587,39.93326199900008]]]]}},{"type":"Feature","properties":{"codigo":"12025","nombre":"Benafigos"},"geometry":{"type":"MultiPolygon","coordinates":[[[[-0.159573499999965,40.25702649900006],[-0.154184803999954,40.258467333000056],[-0.149032194999961,40.25034881500005],[-0.139301509999939,40.245257114000026],[-0.136914058999935,40.23664142300004],[-0.156183875999943,40.24050199800007],[-0.170090845999937,40.23579128000006],[-0.178201290999937,40.237020458000075],[-0.23843949999997,40.27587149900006],[-0.236640859999966,40.292622839000046],[-0.209276,40.32244899900007],[-0.205190447999939,40.321599786000036],[-0.205116887999964,40.31749488200006],[-0.195671407999953,40.30765033400007],[-0.19447380899993,40.28790993800004],[-0.187048649999952,40.28803454300004],[-0.183993037999926,40.28522964500007],[-0.180411442999969,40.28693219300004],[-0.173418941999955,40.28227489200003],[-0.169706399999939,40.28351632600004],[-0.169666488999951,40.26717456000006],[-0.159573499999965,40.25702649900006]]]]}},{"type":"Feature","properties":{"codigo":"12026","nombre":"Benassal"},"geometry":{"type":"MultiPolygon","coordinates":[[[[-0.071913,40.37976049900004],[-0.079123308999954,40.36379572800007],[-0.101224426999977,40.35096943800005],[-0.14017339399993,40.35971349500005],[-0.159573714999965,40.356402253000056],[-0.186470217999954,40.360749852000026],[-0.19510637999997,40.359372474000054],[-0.203137,40.35105149900005],[-0.21267491499998,40.35332660500006],[-0.219071600999939,40.360116204000064],[-0.213800340999967,40.364000547000046],[-0.224058468999942,40.37156015000005],[-0.232088365999971,40.370815349000054],[-0.24701556399998,40.375067253000054],[-0.258536499999934,40.37129249900005],[-0.263206313999945,40.37766295500006],[-0.260048839999968,40.38273398500007],[-0.237741272999926,40.39124748100005],[-0.230148143999941,40.39765073500007],[-0.230401533999952,40.40646975900006],[-0.215516385999933,40.41285494600004],[-0.209914359999971,40.42251973400005],[-0.199989301999949,40.42202194500004],[-0.182336468999949,40.43079372300008],[-0.16279,40.43263249900008],[-0.14672692299996,40.42065322700006],[-0.146283215999972,40.41231552600004],[-0.141346910999971,40.40758797900003],[-0.118367344999967,40.40110862200004],[-0.110241732999953,40.38920432500004],[-0.081219064999971,40.378899329000035],[-0.071913,40.37976049900004]]]]}},{"type":"Feature","properties":{"codigo":"12027","nombre":"Benicarló"},"geometry":{"type":"MultiPolygon","coordinates":[[[[0.453484500000059,40.44265349900007],[0.440913432000059,40.42706737000003],[0.435717043000068,40.41229962300008],[0.433356951000064,40.415106999000045],[0.417328500000053,40.39957799900003],[0.355006,40.424239999000065],[0.359501979000072,40.43629417300008],[0.368905090000055,40.44267102900005],[0.377180663000047,40.462241826000025],[0.373013448000052,40.47851402500004],[0.374234500000057,40.48984149900008],[0.388111088000073,40.491011541000034],[0.40230020100006,40.482341021000025],[0.415822856000034,40.47893046100006],[0.426448014000073,40.469345272000055],[0.43851932900003,40.45035102200006],[0.453484500000059,40.44265349900007]]]]}},{"type":"Feature","properties":{"codigo":"12028","nombre":"Benicasim"},"geometry":{"type":"MultiPolygon","coordinates":[[[[0.035095500000068,40.086467999000035],[0.051512654000021,40.076173166000046],[0.063978536000036,40.08111076400007],[0.08597450000002,40.083439499000065],[0.087805991000039,40.07692562400007],[0.093141293000031,40.07328361700007],[0.087681847000056,40.06408653900007],[0.090114500000027,40.05576699900007],[0.082282648000046,40.055729556000074],[0.051918429000068,40.03743040300003],[0.039216500000066,40.01538099900006],[0.015737500000057,40.02537949900005],[0.009715500000027,40.04309199900007],[-0.002838,40.06449249900004],[0.002680500000054,40.07034249900005],[0.012531500000023,40.07664499900005],[0.030998,40.085567499000035],[0.035095500000068,40.086467999000035]]]]}},{"type":"Feature","properties":{"codigo":"12029","nombre":"Benlloc"},"geometry":{"type":"MultiPolygon","coordinates":[[[[0.153884500000061,40.223434499000064],[0.158043,40.221141999000054],[0.154838,40.21611399900007],[0.156496,40.20528799900006],[0.150716,40.19717399900003],[0.143126500000051,40.19459899900005],[0.134469,40.18772899900006],[0.129762500000027,40.18649299900005],[0.12311950000003,40.18195349900003],[0.118103,40.180926999000064],[0.107129,40.18541349900005],[0.08824050000004,40.18251399900004],[0.07312,40.18625649900008],[0.04949750000003,40.186450999000044],[0.025293,40.18357449900003],[0.02647010000004,40.18759059700005],[0.012023169000031,40.20299136300008],[-0.004444638999928,40.20785524400003],[-0.008601,40.215350999000066],[-0.010220111999956,40.23226851700008],[0.024098500000036,40.249675499000034],[0.041125007000062,40.232333880000056],[0.050828563000039,40.210834903000034],[0.097540353000056,40.19942826400006],[0.130282832000034,40.20135932000005],[0.13414743900006,40.20684547400003],[0.138998664000042,40.20801600600004],[0.140708876000076,40.21249668000007],[0.146422720000032,40.214385890000074],[0.148481263000065,40.22169572800004],[0.153884500000061,40.223434499000064]]]]}},{"type":"Feature","properties":{"codigo":"12031","nombre":"Borriol"},"geometry":{"type":"MultiPolygon","coordinates":[[[[0.002680500000054,40.07034249900005],[-0.016384119999941,40.04890950400005],[-0.039059665999957,40.03901822000006],[-0.043447125999933,40.02845014500008],[-0.07493896099993,40.02313024100005],[-0.097800279999944,40.01221545400006],[-0.120234456999924,40.009901497000044],[-0.157776,40.033254999000064],[-0.139039760999935,40.03810870900003],[-0.126011091999942,40.05098294600003],[-0.108123296999963,40.05462724700004],[-0.092651881999927,40.06213140600005],[-0.061870499999941,40.08305499900007],[-0.062574,40.08765449900005],[-0.059794,40.09093549900007],[-0.054816,40.091710499000044],[-0.044571,40.089927499000055],[-0.025226499999974,40.09011799900003],[-0.01101,40.09743449900003],[-0.008904499999971,40.082010499000035],[0.002680500000054,40.07034249900005]]]]}},{"type":"Feature","properties":{"codigo":"12032","nombre":"Borriana"},"geometry":{"type":"MultiPolygon","coordinates":[[[[-0.137272,39.86674849900004],[-0.110749755999962,39.88288147500003],[-0.085470191999946,39.91932342400003],[-0.061008499999957,39.932903499000076],[-0.020416720999947,39.91787383800005],[-0.010018499999944,39.91104149900008],[-0.068578005999939,39.865408751000075],[-0.080343501999948,39.859308147000036],[-0.096192499999972,39.841548999000054],[-0.137272,39.86674849900004]]]]}},{"type":"Feature","properties":{"codigo":"12033","nombre":"Cabanes"},"geometry":{"type":"MultiPolygon","coordinates":[[[[0.017705,40.15252699900003],[0.014662500000043,40.165523499000074],[0.025293,40.18357449900003],[0.04949750000003,40.186450999000044],[0.07312,40.18625649900008],[0.08824050000004,40.18251399900004],[0.107129,40.18541349900005],[0.118103,40.180926999000064],[0.12311950000003,40.18195349900003],[0.129762500000027,40.18649299900005],[0.134469,40.18772899900006],[0.143126500000051,40.19459899900005],[0.150716,40.19717399900003],[0.156496,40.20528799900006],[0.201215,40.18074799900006],[0.185911833000034,40.16479721300004],[0.160952,40.123920499000064],[0.135487580000074,40.128047191000064],[0.125407789000064,40.12487299500003],[0.116853752000054,40.11473739300004],[0.119002566000063,40.10914338400005],[0.104748586000028,40.090707905000045],[0.08597450000002,40.083439499000065],[0.063978536000036,40.08111076400007],[0.051512654000021,40.076173166000046],[0.035095500000068,40.086467999000035],[0.031995,40.09007249900003],[0.024349,40.10572049900003],[0.022875,40.11825149900005],[0.018997500000069,40.11865249900006],[0.018597500000055,40.12593099900005],[0.014677500000062,40.134284999000045],[0.01709,40.142577499000026],[0.017705,40.15252699900003]]]]}},{"type":"Feature","properties":{"codigo":"12034","nombre":"Càlig"},"geometry":{"type":"MultiPolygon","coordinates":[[[[0.374234500000057,40.48984149900008],[0.373013448000052,40.47851402500004],[0.377180663000047,40.462241826000025],[0.368905090000055,40.44267102900005],[0.359501979000072,40.43629417300008],[0.355006,40.424239999000065],[0.348107500000026,40.42296999900003],[0.345825500000046,40.42137899900007],[0.33062501400002,40.43729096800007],[0.337053648000051,40.464605058000075],[0.327980500000024,40.48625949900003],[0.347278768000024,40.50970082400005],[0.353779,40.511836999000025],[0.369880198000033,40.49433594000004],[0.375306287000058,40.493874240000025],[0.374234500000057,40.48984149900008]]]]}},{"type":"Feature","properties":{"codigo":"12036","nombre":"Canet lo Roig"},"geometry":{"type":"MultiPolygon","coordinates":[[[[0.311115500000028,40.61690499900004],[0.282669,40.55345549900005],[0.27009350000003,40.54428499900007],[0.259319500000061,40.532214999000075],[0.252926,40.52693549900005],[0.228496368000037,40.51728170600006],[0.201136500000075,40.51565149900006],[0.185811,40.526748499000064],[0.170875,40.535618499000066],[0.182018,40.54162199900003],[0.185906500000044,40.55488899900007],[0.182981500000039,40.56443799900006],[0.163254,40.57939149900005],[0.173017731000073,40.58352852000007],[0.187659859000064,40.59729298600007],[0.193967774000043,40.59156532700007],[0.201186908000068,40.59212315900004],[0.205240643000025,40.58803116300004],[0.212480777000053,40.591942301000074],[0.216791149000073,40.58737032700003],[0.231310718000032,40.582167506000076],[0.239807503000065,40.58217268900006],[0.249147989000051,40.575854364000065],[0.25544605400006,40.57515626300005],[0.260342725000044,40.57881699300003],[0.275034624000057,40.60337098200006],[0.284630666000055,40.61229357800005],[0.305558647000055,40.61355194400005],[0.311115500000028,40.61690499900004]]]]}},{"type":"Feature","properties":{"codigo":"12037","nombre":"Castell de Cabres"},"geometry":{"type":"MultiPolygon","coordinates":[[[[0.038859500000058,40.64999799900005],[0.020710608000059,40.649394045000065],[0.01868199300003,40.65734172900005],[0.008098854000025,40.66534111900006],[0.003915777000032,40.674261053000066],[-0.004445499999974,40.677590499000075],[-0.000411313999962,40.681924855000034],[-0.008895966999944,40.689357173000076],[-0.007844612999975,40.694424913000034],[0.026625500000023,40.69479649900006],[0.036751,40.69344699900006],[0.042237,40.69100549900003],[0.048050792000026,40.68325254100006],[0.060185001000036,40.68676968600005],[0.068108731000052,40.67751851500003],[0.08265388600006,40.674532561000035],[0.099010509000038,40.65596611500007],[0.090842232000057,40.65366317500008],[0.089746,40.65025699900008],[0.064072500000066,40.64717849900006],[0.060879500000055,40.644344499000056],[0.049588,40.64566049900003],[0.043876,40.64953199900003],[0.038859500000058,40.64999799900005]]]]}},{"type":"Feature","properties":{"codigo":"12038","nombre":"Castellfort"},"geometry":{"type":"MultiPolygon","coordinates":[[[[-0.185843499999976,40.56000899900005],[-0.176400226999931,40.559153336000065],[-0.176531446999945,40.55354663000003],[-0.170607445999963,40.553605126000036],[-0.172316794999972,40.54660669200007],[-0.170239432999949,40.544108806000054],[-0.163099729999942,40.548759758000074],[-0.158062679999944,40.54857036800007],[-0.162468753999974,40.54143936400004],[-0.163264281999943,40.52425744900006],[-0.152053982999973,40.515989750000074],[-0.144284494999965,40.51377919300006],[-0.138029499999959,40.50383399900005],[-0.162814649999973,40.482826260000024],[-0.175461513999949,40.467533573000026],[-0.212641,40.46343249900008],[-0.253477662999956,40.473306097000034],[-0.252960085999973,40.48921053500004],[-0.244609455999978,40.50255897400007],[-0.247186644999942,40.51588914900003],[-0.240184846999966,40.52317098800006],[-0.243116563999934,40.52882219400004],[-0.237786137999933,40.53188225800005],[-0.23658949999998,40.53828449900004],[-0.215395414999932,40.53757772400007],[-0.197352366999951,40.55192069100008],[-0.186788424999975,40.55141942600005],[-0.185843499999976,40.56000899900005]]]]}},{"type":"Feature","properties":{"codigo":"12039","nombre":"Castellnovo"},"geometry":{"type":"MultiPolygon","coordinates":[[[[-0.44484,39.82539349900003],[-0.443183545999943,39.83270487600004],[-0.446235367999975,39.83868145400004],[-0.462342499999977,39.83652499900006],[-0.464458,39.83939749900003],[-0.461789320999969,39.843552371000044],[-0.476570907999928,39.86606405200007],[-0.477227499999969,39.87872299900005],[-0.459709,39.87907749900006],[-0.453779,39.88068399900004],[-0.444108,39.88102349900004],[-0.441888499999948,39.87657549900007],[-0.434373,39.870265999000026],[-0.43422,39.86112949900007],[-0.428800499999966,39.85662049900003],[-0.423899,39.84923499900003],[-0.423374,39.845474499000034],[-0.419440499999951,39.83847049900004],[-0.427796644999944,39.83012026200004],[-0.426785793999954,39.82182994900006],[-0.436500310999975,39.820873206000044],[-0.44484,39.82539349900003]]]]}},{"type":"Feature","properties":{"codigo":"12040","nombre":"Castelló de la Plana"},"geometry":{"type":"MultiPolygon","coordinates":[[[[-0.002838,40.06449249900004],[0.009715500000027,40.04309199900007],[0.015737500000057,40.02537949900005],[0.039216500000066,40.01538099900006],[0.027058140000065,39.99307373700003],[0.021385254000052,39.976727330000074],[0.022386726000036,39.972857400000066],[0.016879528000061,39.97326276600006],[0.008490266000024,39.96455241900003],[0.002518,39.942836499000066],[-0.013867525999956,39.948434348000035],[-0.025620332999949,39.946785412000054],[-0.061873479999974,39.95615415300006],[-0.104882911999937,39.98141721300004],[-0.132309795999959,39.98813786900007],[-0.135154,39.98648349900003],[-0.158210923999945,40.00253687700007],[-0.162735776999966,40.02926513800003],[-0.157776,40.033254999000064],[-0.120234456999924,40.009901497000044],[-0.097800279999944,40.01221545400006],[-0.07493896099993,40.02313024100005],[-0.043447125999933,40.02845014500008],[-0.039059665999957,40.03901822000006],[-0.016384119999941,40.04890950400005],[-0.002838,40.06449249900004]]],[[[0.685617390000061,39.89361886000006],[0.688702378000073,39.893267105000064],[0.684653997000055,39.89285309600007],[0.683155483000064,39.89749412900005],[0.688452641000026,39.90216558800006],[0.685617390000061,39.89361886000006]]]]}},{"type":"Feature","properties":{"codigo":"12041","nombre":"Castillo de Villamalefa"},"geometry":{"type":"MultiPolygon","coordinates":[[[[-0.321083,40.20910649900003],[-0.322874884999976,40.18975524200005],[-0.357005166999954,40.17817218400006],[-0.362009511999929,40.17244081800004],[-0.360563261999971,40.146202704000075],[-0.339359587999979,40.135861318000025],[-0.330328609999924,40.12772733000003],[-0.325618499999962,40.11758449900003],[-0.356300671999975,40.108237204000034],[-0.361601230999952,40.11571102800008],[-0.394074906999947,40.112086686000055],[-0.402132120999966,40.10862448000006],[-0.405363,40.10115049900003],[-0.422821668999973,40.11113896400008],[-0.413683059999926,40.12072096800006],[-0.404912897999964,40.12263469000004],[-0.404486879999979,40.137635181000064],[-0.395215353999959,40.14312462600003],[-0.401468,40.15782949900006],[-0.397593950999976,40.162336863000064],[-0.386622228999954,40.16136885000003],[-0.37494269299998,40.16511079900005],[-0.368171089999976,40.17573643500003],[-0.350353559999974,40.18706154200004],[-0.342837326999927,40.20187410500006],[-0.338130499999977,40.22051599900004],[-0.321083,40.20910649900003]]]]}},{"type":"Feature","properties":{"codigo":"12042","nombre":"Catí"},"geometry":{"type":"MultiPolygon","coordinates":[[[[-0.04514949999998,40.36688999900008],[-0.054856097999959,40.381244657000025],[-0.040922880999972,40.396403871000075],[-0.042816499999958,40.41374199900008],[-0.039058485999931,40.41616787700008],[-0.039619707999975,40.42969958200007],[-0.03744490899993,40.433022046000076],[-0.040441772999941,40.45345625500005],[-0.030029,40.46923355600006],[-0.027436509999973,40.478037114000074],[-0.010662575999959,40.49932466300004],[-0.007890273999976,40.50984052200005],[0.00414457100004,40.517080527000076],[0.008289800000057,40.52765659500005],[0.005914429000029,40.53185567700007],[0.036188284000048,40.53315644200006],[0.06303471800004,40.53024556300005],[0.071022374000052,40.534612577000075],[0.083173500000044,40.548549499000046],[0.095400186000063,40.54675129800006],[0.098242521000032,40.54016769500004],[0.090600951000056,40.519478477000064],[0.080463972000075,40.504137435000075],[0.0917,40.48107549900004],[0.077343186000064,40.468651538000074],[0.054115996000064,40.46492030300004],[0.042592662000061,40.45049724200004],[0.020837,40.44440099900004],[0.014189,40.441016999000055],[-0.007268499999952,40.40801599900004],[-0.018450499999972,40.395496499000046],[-0.037490499999933,40.384986999000034],[-0.04514949999998,40.36688999900008]]]]}},{"type":"Feature","properties":{"codigo":"12043","nombre":"Caudiel"},"geometry":{"type":"MultiPolygon","coordinates":[[[[-0.509650499999964,39.965858499000035],[-0.512439,39.963550499000064],[-0.518532499999935,39.95337299900007],[-0.553517501999977,39.933176040000035],[-0.563587,39.93326199900008],[-0.588614870999947,39.95290963200006],[-0.600935016999927,39.95911337200005],[-0.601887168999951,39.965819837000026],[-0.595696773999975,39.97457480600008],[-0.600955621999958,39.984452487000055],[-0.597653949999938,39.99992510800007],[-0.601030244999947,40.00604799100006],[-0.616351499999951,40.01749799900006],[-0.620371641999952,40.022769039000025],[-0.61853074499993,40.03146978400008],[-0.642300400999943,40.035874738000075],[-0.655884037999954,40.044115204000036],[-0.668705316999933,40.04292817600003],[-0.679683499999953,40.045709499000054],[-0.664186499999971,40.05115299900007],[-0.630795499999977,40.048042499000076],[-0.620516,40.04585099900004],[-0.609667,40.03785299900005],[-0.599829227999976,40.027108955000074],[-0.583975319999979,40.02316993200003],[-0.579820407999932,40.01399880100007],[-0.53667137399998,40.01242608500007],[-0.526379,40.00943749900006],[-0.532243262999941,39.99856334100008],[-0.525971254999945,39.98509708900008],[-0.519165520999934,39.977898037000045],[-0.51755940299995,39.97086620300007],[-0.509650499999964,39.965858499000035]]]]}},{"type":"Feature","properties":{"codigo":"12044","nombre":"Cervera del Maestre"},"geometry":{"type":"MultiPolygon","coordinates":[[[[0.327980500000024,40.48625949900003],[0.337053648000051,40.464605058000075],[0.33062501400002,40.43729096800007],[0.345825500000046,40.42137899900007],[0.340451,40.417075999000076],[0.338237500000048,40.40763099900005],[0.329427500000065,40.401473999000075],[0.312562,40.393417499000066],[0.298206525000069,40.39723128000003],[0.283086967000031,40.395465917000024],[0.275553781000042,40.39937606800004],[0.26825552400004,40.39889248800006],[0.235882685000036,40.40728544800004],[0.215727,40.415954499000065],[0.211590500000057,40.42111949900004],[0.219902,40.428111999000066],[0.221588500000053,40.441943999000046],[0.228936500000032,40.47325499900006],[0.233817,40.48006449900004],[0.248176,40.47772199900004],[0.249730500000055,40.487693999000044],[0.264404,40.48498549900006],[0.268403500000034,40.48643949900003],[0.271076,40.48949799900004],[0.280048,40.48987199900006],[0.284242,40.49214149900007],[0.287698,40.49673449900007],[0.293215,40.49978249900005],[0.314472,40.49345399900005],[0.327980500000024,40.48625949900003]]]]}},{"type":"Feature","properties":{"codigo":"12045","nombre":"Cinctorres"},"geometry":{"type":"MultiPolygon","coordinates":[[[[-0.185843499999976,40.56000899900005],[-0.186788424999975,40.55141942600005],[-0.197352366999951,40.55192069100008],[-0.215395414999932,40.53757772400007],[-0.23658949999998,40.53828449900004],[-0.235468409999953,40.544741945000055],[-0.229830814999957,40.54477013200005],[-0.227778238999974,40.54880657900003],[-0.249461594999957,40.56295220900006],[-0.252938668999946,40.57824704500007],[-0.248545677999971,40.59175267300003],[-0.261386499999958,40.600719999000034],[-0.257908219999933,40.60568601600005],[-0.245972403999929,40.59946295900005],[-0.237863499999946,40.60778049900006],[-0.229823824999926,40.60934563700005],[-0.22456,40.61561949900005],[-0.216584,40.61556249900008],[-0.206572273999939,40.59835812600005],[-0.201190271999963,40.59392478500007],[-0.19724550799998,40.59285698900004],[-0.192990822999946,40.59824307300005],[-0.187466159999929,40.59788830400004],[-0.188217577999978,40.58842801800006],[-0.182601720999969,40.580986342000074],[-0.186511960999951,40.571640520000074],[-0.185843499999976,40.56000899900005]]]]}},{"type":"Feature","properties":{"codigo":"12046","nombre":"Cirat"},"geometry":{"type":"MultiPolygon","coordinates":[[[[-0.456483499999933,40.08798999900006],[-0.422472,40.08482349900004],[-0.405757,40.08547599900004],[-0.403413499999942,40.07469499900003],[-0.413789,40.060470499000076],[-0.418099,40.051566999000045],[-0.428822,40.04386899900004],[-0.432198,40.03887199900004],[-0.447570499999927,40.03081499900003],[-0.468494756999974,40.00790176900006],[-0.483997,40.009029499000064],[-0.483413372999962,40.01462833700003],[-0.487564539999937,40.021667225000044],[-0.506462,40.03034199900003],[-0.503831499999933,40.03306949900008],[-0.505458499999975,40.03761699900008],[-0.504625,40.042159999000035],[-0.500758,40.043082999000035],[-0.49944,40.04932399900008],[-0.49217,40.05260849900003],[-0.462346545999935,40.07280879000007],[-0.456483499999933,40.08798999900006]]]]}},{"type":"Feature","properties":{"codigo":"12048","nombre":"Cortes de Arenoso"},"geometry":{"type":"MultiPolygon","coordinates":[[[[-0.580082,40.13724099900003],[-0.579049902999941,40.14652268000003],[-0.569696228999931,40.15847198200004],[-0.573482253999941,40.17104345600006],[-0.572108499999956,40.18148399900008],[-0.56369,40.18865599900005],[-0.56091,40.19737249900004],[-0.557836,40.200847499000076],[-0.559019,40.210113499000045],[-0.547847,40.24427099900004],[-0.543114635999927,40.25047944200003],[-0.527777619999938,40.23856849300006],[-0.510533499999951,40.23178849900006],[-0.51281781199998,40.227316633000044],[-0.506576390999953,40.20191447500008],[-0.494802554999978,40.19848638500008],[-0.484744388999957,40.17584565900006],[-0.482187,40.16157149900005],[-0.491339,40.16079699900007],[-0.482827499999928,40.13249949900006],[-0.500237499999969,40.10766999900005],[-0.504446,40.10420249900005],[-0.513065,40.110423999000034],[-0.524148251999975,40.12532541000007],[-0.541692723999972,40.12168206000007],[-0.563428444999943,40.128220181000074],[-0.580082,40.13724099900003]]]]}},{"type":"Feature","properties":{"codigo":"12049","nombre":"Costur"},"geometry":{"type":"MultiPolygon","coordinates":[[[[-0.194473499999958,40.127620499000045],[-0.191926265999939,40.13539300700006],[-0.185745499999939,40.140716499000064],[-0.173148597999955,40.14526211100008],[-0.152052304999927,40.14018155300005],[-0.140049968999961,40.14533662200006],[-0.132772965999948,40.14001315500008],[-0.133520102999967,40.13405373300003],[-0.130060499999956,40.12954349900008],[-0.141595980999966,40.11672818000005],[-0.138875771999949,40.11170870700005],[-0.146567728999969,40.10226060200006],[-0.144513678999942,40.08965747900004],[-0.148742,40.088027999000076],[-0.16137551199995,40.09711869000006],[-0.172706339999934,40.09938544600004],[-0.177292604999934,40.105685046000076],[-0.18872764799994,40.11136870800004],[-0.191243606999933,40.12493057000006],[-0.194473499999958,40.127620499000045]]]]}},{"type":"Feature","properties":{"codigo":"12050","nombre":"Coves de Vinromà, les"},"geometry":{"type":"MultiPolygon","coordinates":[[[[0.031415500000037,40.27584849900006],[0.02749,40.27931999900005],[0.04464869100002,40.28711908900004],[0.058010091000028,40.29946162700003],[0.060302168000021,40.33266197000006],[0.04944850000004,40.340778499000066],[0.081612,40.37523249900005],[0.087962216000051,40.40394976400006],[0.100524500000063,40.418277499000055],[0.108398400000056,40.41426373500008],[0.121375385000022,40.39433255300003],[0.129352702000062,40.39089306400007],[0.135766183000044,40.38269423000003],[0.151346337000064,40.38173799600003],[0.169027500000027,40.37304699900005],[0.167617,40.37058249900008],[0.169464,40.36777499900006],[0.164638500000024,40.35977549900008],[0.180573,40.34333049900005],[0.165616,40.32783549900006],[0.173644500000023,40.31079849900004],[0.179944,40.303382999000064],[0.180535500000076,40.29919799900006],[0.179772,40.29419349900007],[0.17378350000007,40.29042049900005],[0.171902,40.28691849900008],[0.173665,40.278835499000024],[0.175395500000036,40.27736649900004],[0.176548,40.26531999900004],[0.174201500000038,40.25688949900007],[0.160144500000058,40.231479499000045],[0.142428061000032,40.24361037400007],[0.11781707800003,40.26723720500007],[0.112784134000037,40.28157242200007],[0.108754966000049,40.28525091300003],[0.090820797000049,40.28012883700006],[0.079459448000023,40.283139549000055],[0.064962999000045,40.28057102100007],[0.054956890000028,40.27364991200005],[0.039559333000057,40.27238788200003],[0.031415500000037,40.27584849900006]]]]}},{"type":"Feature","properties":{"codigo":"12051","nombre":"Culla"},"geometry":{"type":"MultiPolygon","coordinates":[[[[-0.033495,40.32193349900007],[-0.044533164999962,40.313543227000025],[-0.048735411999928,40.30284445700005],[-0.055320031999941,40.298874624000064],[-0.057570650999935,40.285732282000026],[-0.066965514999936,40.278997795000066],[-0.070417771999928,40.265420463000055],[-0.081185772999959,40.26030971200004],[-0.076133804999927,40.251681045000055],[-0.078115587999946,40.23771611500007],[-0.085432499999968,40.22001649900005],[-0.096992710999928,40.22366606200006],[-0.094039726999938,40.233168705000026],[-0.097719669999947,40.239043768000045],[-0.102382795999972,40.23887836500006],[-0.105377158999943,40.23342058500003],[-0.110263,40.23410399900007],[-0.121105781999972,40.24312883300007],[-0.111856803999956,40.26122485500008],[-0.113187633999928,40.27511709000004],[-0.139054579999936,40.28412776600004],[-0.155843896999954,40.273088545000064],[-0.160233539999979,40.26580938200004],[-0.159573499999965,40.25702649900006],[-0.169666488999951,40.26717456000006],[-0.169706399999939,40.28351632600004],[-0.173418941999955,40.28227489200003],[-0.180411442999969,40.28693219300004],[-0.183993037999926,40.28522964500007],[-0.187048649999952,40.28803454300004],[-0.19447380899993,40.28790993800004],[-0.195671407999953,40.30765033400007],[-0.205116887999964,40.31749488200006],[-0.205190447999939,40.321599786000036],[-0.209276,40.32244899900007],[-0.205269677999979,40.33144615700007],[-0.19854618599993,40.33646125200005],[-0.204077040999948,40.33919941500005],[-0.20365092399993,40.344891818000065],[-0.207819881999967,40.34501690500008],[-0.19510637999997,40.359372474000054],[-0.186470217999954,40.360749852000026],[-0.159573714999965,40.356402253000056],[-0.14017339399993,40.35971349500005],[-0.101224426999977,40.35096943800005],[-0.088742499999967,40.35901649900006],[-0.087639967999962,40.349709621000045],[-0.09122261899995,40.337883298000065],[-0.083270499999969,40.33430349900004],[-0.100617835999969,40.328824557000075],[-0.105674283999974,40.321456553000075],[-0.103174842999977,40.31147765700007],[-0.085620120999977,40.298818030000064],[-0.055541675999962,40.32327187300007],[-0.053411877999963,40.33221234700005],[-0.04466,40.34007999900007],[-0.044651499999929,40.34378449900004],[-0.028526499999941,40.362498999000024],[-0.016808860999959,40.351414549000026],[-0.018160923999972,40.34487248900007],[-0.030899285999965,40.32994846500003],[-0.033495,40.32193349900007]]]]}},{"type":"Feature","properties":{"codigo":"12052","nombre":"Xert"},"geometry":{"type":"MultiPolygon","coordinates":[[[[0.163254,40.57939149900005],[0.182981500000039,40.56443799900006],[0.185906500000044,40.55488899900007],[0.182018,40.54162199900003],[0.170875,40.535618499000066],[0.185811,40.526748499000064],[0.201136500000075,40.51565149900006],[0.206148,40.49946999900004],[0.18912063700003,40.497198870000034],[0.170827573000054,40.50526049100006],[0.13519438000003,40.488559698000074],[0.119757452000044,40.48960586900006],[0.104422806000059,40.48069573600003],[0.0917,40.48107549900004],[0.080463972000075,40.504137435000075],[0.090600951000056,40.519478477000064],[0.098242521000032,40.54016769500004],[0.095400186000063,40.54675129800006],[0.083173500000044,40.548549499000046],[0.084662920000028,40.55609428500003],[0.078534120000029,40.56583325400004],[0.078692500000045,40.57210549900003],[0.100016739000068,40.58300095300007],[0.113929513000073,40.586263486000064],[0.145390697000039,40.57525491600006],[0.163254,40.57939149900005]]]]}},{"type":"Feature","properties":{"codigo":"12053","nombre":"Chilches"},"geometry":{"type":"MultiPolygon","coordinates":[[[[-0.166406499999937,39.752403499000025],[-0.210130499999934,39.78699099900007],[-0.206613499999946,39.790782999000044],[-0.202602,39.80191049900003],[-0.184767499999964,39.800448999000025],[-0.181341499999974,39.798545999000055],[-0.168959,39.78783049900005],[-0.152148,39.77015299900006],[-0.166406499999937,39.752403499000025]]]]}},{"type":"Feature","properties":{"codigo":"12055","nombre":"Chodos"},"geometry":{"type":"MultiPolygon","coordinates":[[[[-0.277686499999959,40.259986999000034],[-0.263307,40.24859599900003],[-0.239581,40.23361899900004],[-0.233871499999964,40.223220999000034],[-0.239689276999968,40.222164070000076],[-0.252398114999949,40.20357787900008],[-0.267731664999928,40.19726785200004],[-0.314015039999958,40.21048894300003],[-0.321083,40.20910649900003],[-0.338130499999977,40.22051599900004],[-0.349679499999979,40.222720999000046],[-0.347152808999965,40.23243460400005],[-0.331274766999968,40.236063708000074],[-0.325051930999962,40.247518798000044],[-0.31893198299997,40.24971703400007],[-0.310590021999928,40.26526875300004],[-0.295781591999969,40.267801242000075],[-0.283185858999957,40.264443035000056],[-0.277686499999959,40.259986999000034]]]]}},{"type":"Feature","properties":{"codigo":"12056","nombre":"Chóvar"},"geometry":{"type":"MultiPolygon","coordinates":[[[[-0.293327499999975,39.86375049900005],[-0.292225499999972,39.857905999000025],[-0.299998,39.853450499000076],[-0.302401,39.84131649900007],[-0.312721499999952,39.83079899900008],[-0.316225499999973,39.82305549900008],[-0.326483499999938,39.824550499000054],[-0.329572,39.82352449900003],[-0.347000475999948,39.83178679200006],[-0.350173930999972,39.836302174000025],[-0.341126297999949,39.86443942000005],[-0.343912,39.87431699900003],[-0.335842499999956,39.874347499000066],[-0.326838932999976,39.872241072000065],[-0.321452847999979,39.86584358400006],[-0.30281541599993,39.86784446400003],[-0.293327499999975,39.86375049900005]]]]}},{"type":"Feature","properties":{"codigo":"12057","nombre":"Eslida"},"geometry":{"type":"MultiPolygon","coordinates":[[[[-0.281746,39.90865699900007],[-0.274071499999934,39.896018999000034],[-0.277173499999947,39.89031599900005],[-0.28461649999997,39.88277049900006],[-0.289638499999967,39.87493499900006],[-0.285174499999926,39.870704499000055],[-0.293327499999975,39.86375049900005],[-0.30281541599993,39.86784446400003],[-0.321452847999979,39.86584358400006],[-0.326838932999976,39.872241072000065],[-0.335842499999956,39.874347499000066],[-0.336596804999942,39.885035996000056],[-0.330521904999955,39.887354007000056],[-0.326419821999934,39.89735335600005],[-0.31977,39.902183499000046],[-0.312571885999944,39.90243980200006],[-0.305097746999934,39.90823639900003],[-0.281746,39.90865699900007]]]]}},{"type":"Feature","properties":{"codigo":"12058","nombre":"Espadilla"},"geometry":{"type":"MultiPolygon","coordinates":[[[[-0.407288499999936,40.02566199900008],[-0.399657,40.02823649900006],[-0.398665,40.03028499900006],[-0.394496509999954,40.02726797100007],[-0.37108266599995,40.02933600800003],[-0.361409160999926,40.03211694600003],[-0.354204316999926,40.038254781000035],[-0.345549,40.03831549900008],[-0.343893883999954,40.023113832000035],[-0.336207499999944,40.022388499000044],[-0.346164,40.004672999000036],[-0.356703499999981,40.00714099900006],[-0.370485,40.00610349900006],[-0.387278,40.01667799900008],[-0.402830499999936,40.01994699900007],[-0.407288499999936,40.02566199900008]]]]}},{"type":"Feature","properties":{"codigo":"12059","nombre":"Fanzara"},"geometry":{"type":"MultiPolygon","coordinates":[[[[-0.310129,40.065814999000054],[-0.304783499999928,40.05863949900004],[-0.300268,40.058406999000056],[-0.29420749999997,40.055427499000075],[-0.292694499999925,40.04730549900006],[-0.298715,40.039825499000074],[-0.298303499999975,40.03749849900004],[-0.29106,40.02270899900003],[-0.286907499999927,40.01930649900004],[-0.282489148999957,40.00116959300004],[-0.300625798999931,39.98260656600007],[-0.320748499999979,39.969775999000035],[-0.327084,39.97215649900005],[-0.330351499999949,39.97812249900005],[-0.341243499999962,39.97986999900007],[-0.349659,39.98966599900007],[-0.35257,39.99893499900003],[-0.346164,40.004672999000036],[-0.336207499999944,40.022388499000044],[-0.324117499999943,40.02981949900004],[-0.322503,40.035468999000045],[-0.322233,40.04594799900008],[-0.328035,40.05372999900004],[-0.312957,40.064883999000074],[-0.310129,40.065814999000054]]]]}},{"type":"Feature","properties":{"codigo":"12060","nombre":"Figueroles"},"geometry":{"type":"MultiPolygon","coordinates":[[[[-0.185745499999939,40.140716499000064],[-0.191926265999939,40.13539300700006],[-0.194473499999958,40.127620499000045],[-0.221276,40.11780949900003],[-0.226251499999933,40.108550999000045],[-0.229107,40.10615899900006],[-0.253751794999971,40.11308858600006],[-0.248234042999968,40.12031692000005],[-0.250360336999961,40.12493487100005],[-0.222940783999945,40.13662159100005],[-0.214539077999973,40.14404338200006],[-0.197934,40.14417999900007],[-0.185745499999939,40.140716499000064]]]]}},{"type":"Feature","properties":{"codigo":"12061","nombre":"Forcall"},"geometry":{"type":"MultiPolygon","coordinates":[[[[-0.22456,40.61561949900005],[-0.21836929899996,40.634755478000045],[-0.224250477999931,40.63902751900008],[-0.226891273999968,40.64649284800004],[-0.247318188999941,40.65898118500007],[-0.258950973999958,40.66062424100005],[-0.263989530999936,40.664435094000055],[-0.265577158999974,40.66986351200006],[-0.257678820999956,40.67614708800005],[-0.260938499999952,40.68509699900005],[-0.250399469999934,40.69056736300007],[-0.237201560999949,40.69154239100004],[-0.237477,40.697940999000025],[-0.210971499999971,40.69671649900005],[-0.208372,40.68923199900007],[-0.222328322999942,40.68425846700006],[-0.231980245999978,40.68516129300008],[-0.234050177999961,40.68119711500003],[-0.22471737199993,40.67475723000007],[-0.207218591999947,40.671483987000045],[-0.194008500999928,40.67049339500005],[-0.190428,40.67502599900007],[-0.176458441999955,40.67392307400007],[-0.154211582999949,40.66407666400005],[-0.164944290999927,40.65729462500008],[-0.18264765899994,40.660236429000065],[-0.183860615999947,40.65505000700006],[-0.17380041499996,40.65044417000007],[-0.176213030999975,40.644939442000066],[-0.169207696999933,40.64159461100007],[-0.174698169999942,40.63446145200004],[-0.186337633999926,40.641455359000076],[-0.186079465999967,40.63586586500003],[-0.177466543999969,40.62721627800005],[-0.195113321999941,40.61648246100003],[-0.203217833999929,40.61796723300006],[-0.215180499999974,40.61436849900008],[-0.219098,40.61594799900007],[-0.22456,40.61561949900005]]]]}},{"type":"Feature","properties":{"codigo":"12063","nombre":"Fuente la Reina"},"geometry":{"type":"MultiPolygon","coordinates":[[[[-0.629336499999965,40.074613499000066],[-0.624437067999963,40.07497714100003],[-0.621443106999948,40.06859325400006],[-0.613470499999949,40.069589499000074],[-0.601568181999937,40.06490164100006],[-0.586321896999948,40.064652712000054],[-0.578233,40.06068399900005],[-0.582960499999956,40.05828099900003],[-0.590011589999961,40.05862020500007],[-0.609667,40.03785299900005],[-0.620516,40.04585099900004],[-0.629336499999965,40.074613499000066]]]]}},{"type":"Feature","properties":{"codigo":"12064","nombre":"Fuentes de Ayódar"},"geometry":{"type":"MultiPolygon","coordinates":[[[[-0.447570499999927,40.03081499900003],[-0.432198,40.03887199900004],[-0.420949091999944,40.036688027000025],[-0.407288499999936,40.02566199900008],[-0.402830499999936,40.01994699900007],[-0.404507089999925,40.01089137100007],[-0.421508,39.99906149900005],[-0.42422864599996,40.005110632000026],[-0.445796188999964,40.015181521000045],[-0.448961268999938,40.02333099500004],[-0.447570499999927,40.03081499900003]]]]}},{"type":"Feature","properties":{"codigo":"12065","nombre":"Gaibiel"},"geometry":{"type":"MultiPolygon","coordinates":[[[[-0.469348499999967,39.92372499900006],[-0.502355,39.89702199900006],[-0.523242264999965,39.92350893100007],[-0.521585769999945,39.92654888000004],[-0.524226071999976,39.93134092400004],[-0.517435768999974,39.93553577000006],[-0.518404350999958,39.94318702900006],[-0.515543516999969,39.950688023000055],[-0.518532499999935,39.95337299900007],[-0.515765,39.95832449900007],[-0.507326660999979,39.95551800700008],[-0.496485279999945,39.95791543800004],[-0.485244,39.95487999900007],[-0.486710163999931,39.938133221000044],[-0.469348499999967,39.92372499900006]]]]}},{"type":"Feature","properties":{"codigo":"12067","nombre":"Geldo"},"geometry":{"type":"MultiPolygon","coordinates":[[[[-0.464458,39.83939749900003],[-0.460800135999932,39.83327235400003],[-0.463584952999952,39.83138293800005],[-0.468621576999965,39.83419975000004],[-0.469721454999956,39.837841129000026],[-0.46655382299997,39.84113684400006],[-0.464458,39.83939749900003]]]]}},{"type":"Feature","properties":{"codigo":"12068","nombre":"Herbers"},"geometry":{"type":"MultiPolygon","coordinates":[[[[0.026625500000023,40.69479649900006],[-0.007844612999975,40.694424913000034],[-0.008895966999944,40.689357173000076],[-0.000411313999962,40.681924855000034],[-0.004445499999974,40.677590499000075],[-0.026416622999932,40.68643582400006],[-0.044321676999971,40.699327663000076],[-0.065030026999978,40.705825692000076],[-0.051142815999924,40.71697889600006],[-0.053714499999955,40.72788349900003],[-0.032158202999938,40.72310319600007],[-0.017886,40.731043499000066],[0.016457993000074,40.727224808000074],[0.01783997800004,40.72100140300006],[0.02798460200006,40.71376809600008],[0.024497262000068,40.70482341500008],[0.026625500000023,40.69479649900006]]]]}},{"type":"Feature","properties":{"codigo":"12069","nombre":"Higueras"},"geometry":{"type":"MultiPolygon","coordinates":[[[[-0.488521,40.00543599900004],[-0.480388499999947,39.992465999000046],[-0.502238543999965,39.979509732000054],[-0.509650499999964,39.965858499000035],[-0.51755940299995,39.97086620300007],[-0.519165520999934,39.977898037000045],[-0.525971254999945,39.98509708900008],[-0.532243262999941,39.99856334100008],[-0.526379,40.00943749900006],[-0.513488793999954,40.00573821000006],[-0.507389402999934,40.00599857800006],[-0.501854100999935,40.00433347100005],[-0.495673508999971,40.00464285900006],[-0.491754550999929,40.00662612800005],[-0.488521,40.00543599900004]]]]}},{"type":"Feature","properties":{"codigo":"12070","nombre":"Jana, la"},"geometry":{"type":"MultiPolygon","coordinates":[[[[0.201136500000075,40.51565149900006],[0.228496368000037,40.51728170600006],[0.252926,40.52693549900005],[0.258407500000033,40.52364749900005],[0.261402500000031,40.51602549900008],[0.259739500000023,40.50753399900003],[0.271858500000064,40.500968999000065],[0.268424500000037,40.49539949900003],[0.271076,40.48949799900004],[0.268403500000034,40.48643949900003],[0.264404,40.48498549900006],[0.249730500000055,40.487693999000044],[0.248176,40.47772199900004],[0.233817,40.48006449900004],[0.223391069000058,40.48602241700007],[0.213902884000049,40.49659731100007],[0.206148,40.49946999900004],[0.201136500000075,40.51565149900006]]]]}},{"type":"Feature","properties":{"codigo":"12071","nombre":"Jérica"},"geometry":{"type":"MultiPolygon","coordinates":[[[[-0.686866499999951,39.85654849900004],[-0.681357160999937,39.86509898600008],[-0.662013698999942,39.87114921600005],[-0.660702334999939,39.88518755900003],[-0.641928353999958,39.89745356700007],[-0.640022,39.90270249900004],[-0.627047121999965,39.883064653000076],[-0.616173040999968,39.87947800200004],[-0.598922899999934,39.89443569300005],[-0.59633424499998,39.90983422100004],[-0.587273334999963,39.91494068700007],[-0.584588,39.92974449900004],[-0.579996499999936,39.927497999000025],[-0.573608499999978,39.92683049900006],[-0.568629,39.933005999000045],[-0.553517501999977,39.933176040000035],[-0.518532499999935,39.95337299900007],[-0.515543516999969,39.950688023000055],[-0.518404350999958,39.94318702900006],[-0.517435768999974,39.93553577000006],[-0.524226071999976,39.93134092400004],[-0.521585769999945,39.92654888000004],[-0.523242264999965,39.92350893100007],[-0.502355,39.89702199900006],[-0.509945499999958,39.893474499000035],[-0.520576499999947,39.883800499000074],[-0.519113,39.876723999000035],[-0.516118,39.87121949900006],[-0.531199389999927,39.87278102000005],[-0.554557391999936,39.86583419900006],[-0.613098923999928,39.86585211100004],[-0.631091738999942,39.85543157200004],[-0.645250358999931,39.84101835300004],[-0.656098499999928,39.83596799900005],[-0.668498499999941,39.840403999000046],[-0.687475499999948,39.84987649900006],[-0.691059,39.85247049900005],[-0.690292578999959,39.855852395000056],[-0.686866499999951,39.85654849900004]]]]}},{"type":"Feature","properties":{"codigo":"12072","nombre":"Llucena"},"geometry":{"type":"MultiPolygon","coordinates":[[[[-0.304783499999928,40.05863949900004],[-0.310129,40.065814999000054],[-0.319817383999975,40.06848751200005],[-0.323543905999941,40.08124720400008],[-0.31814849999995,40.100486499000056],[-0.330328609999924,40.12772733000003],[-0.339359587999979,40.135861318000025],[-0.360563261999971,40.146202704000075],[-0.362009511999929,40.17244081800004],[-0.357005166999954,40.17817218400006],[-0.322874884999976,40.18975524200005],[-0.321083,40.20910649900003],[-0.314015039999958,40.21048894300003],[-0.267731664999928,40.19726785200004],[-0.252398114999949,40.20357787900008],[-0.239689276999968,40.222164070000076],[-0.233871499999964,40.223220999000034],[-0.218853,40.20133199900005],[-0.212225499999931,40.195106499000076],[-0.196767499999964,40.176532499000075],[-0.202199726999936,40.17214332900005],[-0.209194542999967,40.15798720500004],[-0.206701535999969,40.14984030800008],[-0.197934,40.14417999900007],[-0.214539077999973,40.14404338200006],[-0.222940783999945,40.13662159100005],[-0.250360336999961,40.12493487100005],[-0.248234042999968,40.12031692000005],[-0.253751794999971,40.11308858600006],[-0.229107,40.10615899900006],[-0.235052941999925,40.097747698000035],[-0.245559167999943,40.09939261200003],[-0.257452133999948,40.09610686100007],[-0.260126717999924,40.087286783000025],[-0.292954521999945,40.07192667400005],[-0.304783499999928,40.05863949900004]]]]}},{"type":"Feature","properties":{"codigo":"12073","nombre":"Ludiente"},"geometry":{"type":"MultiPolygon","coordinates":[[[[-0.405363,40.10115049900003],[-0.402132120999966,40.10862448000006],[-0.394074906999947,40.112086686000055],[-0.361601230999952,40.11571102800008],[-0.356300671999975,40.108237204000034],[-0.325618499999962,40.11758449900003],[-0.31814849999995,40.100486499000056],[-0.329604,40.093379999000035],[-0.33418649999993,40.09258649900005],[-0.338194,40.08546449900007],[-0.343245,40.08221799900008],[-0.362648499999978,40.074474499000075],[-0.367736499999978,40.074500999000065],[-0.381872758999975,40.079219961000035],[-0.403413499999942,40.07469499900003],[-0.405757,40.08547599900004],[-0.422472,40.08482349900004],[-0.456483499999933,40.08798999900006],[-0.440843499999971,40.09880449900004],[-0.405363,40.10115049900003]]]]}},{"type":"Feature","properties":{"codigo":"12074","nombre":"Llosa, la"},"geometry":{"type":"MultiPolygon","coordinates":[[[[-0.17204849999996,39.74600199900004],[-0.246033499999953,39.77680599900003],[-0.218822,39.78050999900006],[-0.210130499999934,39.78699099900007],[-0.166406499999937,39.752403499000025],[-0.17204849999996,39.74600199900004]]]]}},{"type":"Feature","properties":{"codigo":"12075","nombre":"Mata de Morella, la"},"geometry":{"type":"MultiPolygon","coordinates":[[[[-0.237863499999946,40.60778049900006],[-0.245972403999929,40.59946295900005],[-0.257908219999933,40.60568601600005],[-0.269482191999941,40.59042116900008],[-0.277772935999963,40.590887448000046],[-0.294254499999965,40.583957499000064],[-0.293232499999931,40.611045999000055],[-0.299079,40.612922499000035],[-0.300619907999931,40.62116251900005],[-0.297599036999941,40.625485172000026],[-0.296307499999955,40.63822949900003],[-0.260387158999947,40.62718433500004],[-0.266033225999934,40.61810908900003],[-0.258144614999935,40.60896405300008],[-0.243685295999967,40.613710593000064],[-0.237863499999946,40.60778049900006]]]]}},{"type":"Feature","properties":{"codigo":"12076","nombre":"Matet"},"geometry":{"type":"MultiPolygon","coordinates":[[[[-0.411314499999946,39.93864799900007],[-0.416729499999974,39.93588649900005],[-0.427278,39.93675249900008],[-0.434178,39.94003299900004],[-0.441958499999942,39.93725949900005],[-0.456327499999929,39.927486499000054],[-0.46371449999998,39.926746499000046],[-0.469348499999967,39.92372499900006],[-0.486710163999931,39.938133221000044],[-0.485244,39.95487999900007],[-0.456288456999971,39.957066766000025],[-0.447482,39.96181849900006],[-0.411314499999946,39.93864799900007]]]]}},{"type":"Feature","properties":{"codigo":"12077","nombre":"Moncofa"},"geometry":{"type":"MultiPolygon","coordinates":[[[[-0.181341499999974,39.798545999000055],[-0.17204849999996,39.81359099900004],[-0.164496932999953,39.81042815200004],[-0.152147505999949,39.82028658200005],[-0.123359499999935,39.808880499000054],[-0.152148,39.77015299900006],[-0.168959,39.78783049900005],[-0.181341499999974,39.798545999000055]]]]}},{"type":"Feature","properties":{"codigo":"12078","nombre":"Montán"},"geometry":{"type":"MultiPolygon","coordinates":[[[[-0.506462,40.03034199900003],[-0.487564539999937,40.021667225000044],[-0.483413372999962,40.01462833700003],[-0.483997,40.009029499000064],[-0.487458,40.00759099900006],[-0.488521,40.00543599900004],[-0.491754550999929,40.00662612800005],[-0.495673508999971,40.00464285900006],[-0.501854100999935,40.00433347100005],[-0.507389402999934,40.00599857800006],[-0.513488793999954,40.00573821000006],[-0.53667137399998,40.01242608500007],[-0.579820407999932,40.01399880100007],[-0.583975319999979,40.02316993200003],[-0.599829227999976,40.027108955000074],[-0.609667,40.03785299900005],[-0.590011589999961,40.05862020500007],[-0.582960499999956,40.05828099900003],[-0.55899491699995,40.04898190700004],[-0.538478146999978,40.04888778600008],[-0.532562862999953,40.03495789900006],[-0.519216415999949,40.034812670000065],[-0.516166172999931,40.030271828000025],[-0.506462,40.03034199900003]]]]}},{"type":"Feature","properties":{"codigo":"12079","nombre":"Montanejos"},"geometry":{"type":"MultiPolygon","coordinates":[[[[-0.506462,40.03034199900003],[-0.516166172999931,40.030271828000025],[-0.519216415999949,40.034812670000065],[-0.532562862999953,40.03495789900006],[-0.538478146999978,40.04888778600008],[-0.55899491699995,40.04898190700004],[-0.582960499999956,40.05828099900003],[-0.578233,40.06068399900005],[-0.573275,40.077472499000066],[-0.56151049999994,40.09761799900008],[-0.532769499999972,40.102809999000044],[-0.513065,40.110423999000034],[-0.504446,40.10420249900005],[-0.525434755999925,40.08899327700004],[-0.503178931999969,40.075974753000025],[-0.502395871999965,40.06326840000003],[-0.49217,40.05260849900003],[-0.49944,40.04932399900008],[-0.500758,40.043082999000035],[-0.504625,40.042159999000035],[-0.505458499999975,40.03761699900008],[-0.503831499999933,40.03306949900008],[-0.506462,40.03034199900003]]]]}},{"type":"Feature","properties":{"codigo":"12080","nombre":"Morella"},"geometry":{"type":"MultiPolygon","coordinates":[[[[-0.215180499999974,40.61436849900008],[-0.203217833999929,40.61796723300006],[-0.195113321999941,40.61648246100003],[-0.177466543999969,40.62721627800005],[-0.186079465999967,40.63586586500003],[-0.186337633999926,40.641455359000076],[-0.174698169999942,40.63446145200004],[-0.169207696999933,40.64159461100007],[-0.176213030999975,40.644939442000066],[-0.17380041499996,40.65044417000007],[-0.183860615999947,40.65505000700006],[-0.18264765899994,40.660236429000065],[-0.164944290999927,40.65729462500008],[-0.154211582999949,40.66407666400005],[-0.176458441999955,40.67392307400007],[-0.190428,40.67502599900007],[-0.187928094999961,40.67951832000006],[-0.189342355999941,40.682544851000046],[-0.208372,40.68923199900007],[-0.210971499999971,40.69671649900005],[-0.207202764999977,40.70466489700004],[-0.186568225999963,40.709501930000044],[-0.166096108999966,40.70600869400005],[-0.144489080999961,40.69304778800006],[-0.13164949999998,40.69990549900007],[-0.114790890999927,40.69375562400006],[-0.110014263999972,40.69468817300003],[-0.103011550999952,40.709588290000056],[-0.10197949999997,40.742706499000064],[-0.065556049999941,40.72787036700004],[-0.053714499999955,40.72788349900003],[-0.051142815999924,40.71697889600006],[-0.065030026999978,40.705825692000076],[-0.044321676999971,40.699327663000076],[-0.026416622999932,40.68643582400006],[0.003915777000032,40.674261053000066],[0.008098854000025,40.66534111900006],[0.01868199300003,40.65734172900005],[0.020710608000059,40.649394045000065],[0.038859500000058,40.64999799900005],[0.033865455000068,40.63707917700003],[0.025613146000069,40.62805176100005],[0.009874930000024,40.62199029400006],[0.01147912600004,40.61456955700004],[0.020059537000066,40.60984482400005],[0.023181975000057,40.60494583700006],[0.005323986000064,40.59474843600003],[0.00353547800006,40.58580740200006],[0.02523775700007,40.577696557000024],[0.033761161000029,40.57830466200005],[0.05199013400005,40.57379517100003],[0.060853031000022,40.56888577700005],[0.078692500000045,40.57210549900003],[0.078534120000029,40.56583325400004],[0.084662920000028,40.55609428500003],[0.083173500000044,40.548549499000046],[0.071022374000052,40.534612577000075],[0.06303471800004,40.53024556300005],[0.036188284000048,40.53315644200006],[0.005914429000029,40.53185567700007],[0.008289800000057,40.52765659500005],[0.00414457100004,40.517080527000076],[-0.007890273999976,40.50984052200005],[-0.010662575999959,40.49932466300004],[-0.027436509999973,40.478037114000074],[-0.030029,40.46923355600006],[-0.040441772999941,40.45345625500005],[-0.03744490899993,40.433022046000076],[-0.039619707999975,40.42969958200007],[-0.039058485999931,40.41616787700008],[-0.042816499999958,40.41374199900008],[-0.055962842999975,40.43939770700007],[-0.056412272999978,40.459328603000074],[-0.064476653999975,40.473171636000075],[-0.07420880799998,40.48127049500005],[-0.073920946999976,40.48814811900007],[-0.078824976999954,40.49256156700005],[-0.086432737999928,40.50805270400008],[-0.111091979999969,40.51095666700007],[-0.123639154999978,40.50563339300004],[-0.132010507999951,40.50886509000003],[-0.138029499999959,40.50383399900005],[-0.144284494999965,40.51377919300006],[-0.152053982999973,40.515989750000074],[-0.163264281999943,40.52425744900006],[-0.162468753999974,40.54143936400004],[-0.158062679999944,40.54857036800007],[-0.163099729999942,40.548759758000074],[-0.170239432999949,40.544108806000054],[-0.172316794999972,40.54660669200007],[-0.170607445999963,40.553605126000036],[-0.176531446999945,40.55354663000003],[-0.176400226999931,40.559153336000065],[-0.185843499999976,40.56000899900005],[-0.186511960999951,40.571640520000074],[-0.182601720999969,40.580986342000074],[-0.188217577999978,40.58842801800006],[-0.187466159999929,40.59788830400004],[-0.192990822999946,40.59824307300005],[-0.19724550799998,40.59285698900004],[-0.201190271999963,40.59392478500007],[-0.206572273999939,40.59835812600005],[-0.215180499999974,40.61436849900008]]]]}},{"type":"Feature","properties":{"codigo":"12081","nombre":"Navajas"},"geometry":{"type":"MultiPolygon","coordinates":[[[[-0.519113,39.876723999000035],[-0.520576499999947,39.883800499000074],[-0.509945499999958,39.893474499000035],[-0.502355,39.89702199900006],[-0.494115100999977,39.895232527000076],[-0.477227499999969,39.87872299900005],[-0.501499499999966,39.86455549900006],[-0.519113,39.876723999000035]]]]}},{"type":"Feature","properties":{"codigo":"12082","nombre":"Nules"},"geometry":{"type":"MultiPolygon","coordinates":[[[[-0.17204849999996,39.81359099900004],[-0.174052708999966,39.83270055400004],[-0.217487492999965,39.86094051500004],[-0.235911499999929,39.861018999000066],[-0.197162,39.89889549900005],[-0.193490499999939,39.89546199900008],[-0.169649,39.89590049900005],[-0.168302499999925,39.893024499000035],[-0.148523046999969,39.88064290400007],[-0.137272,39.86674849900004],[-0.096192499999972,39.841548999000054],[-0.123359499999935,39.808880499000054],[-0.152147505999949,39.82028658200005],[-0.164496932999953,39.81042815200004],[-0.17204849999996,39.81359099900004]],[[-0.215759826999943,39.864549055000055],[-0.199325176999935,39.86022970500005],[-0.193844007999928,39.851187078000066],[-0.172633198999961,39.852730079000025],[-0.174844901999961,39.855708865000054],[-0.172477767999965,39.86339363400003],[-0.197176057999968,39.87745059100007],[-0.208930713999962,39.87381401500005],[-0.215759826999943,39.864549055000055]]]]}},{"type":"Feature","properties":{"codigo":"12083","nombre":"Olocau del Rey"},"geometry":{"type":"MultiPolygon","coordinates":[[[[-0.296307499999955,40.63822949900003],[-0.297599036999941,40.625485172000026],[-0.300619907999931,40.62116251900005],[-0.299079,40.612922499000035],[-0.312981452999963,40.610584739000046],[-0.322583670999961,40.60357838400006],[-0.334841922999942,40.60717834500008],[-0.343243,40.60652549900004],[-0.346382097999935,40.61178371200003],[-0.35964630999996,40.61516532600007],[-0.370112244999973,40.614120736000075],[-0.377548077999961,40.619516479000026],[-0.378926075999971,40.62667527700006],[-0.371424607999927,40.649818433000064],[-0.381465499999933,40.661586999000065],[-0.379127450999931,40.66607406000003],[-0.372491242999956,40.667954879000035],[-0.369500890999973,40.67219637300008],[-0.356366195999954,40.67714363600004],[-0.330534307999926,40.67993291400006],[-0.323015219999945,40.67725133400006],[-0.317061285999955,40.664280621000046],[-0.306946,40.65949999900005],[-0.307377499999973,40.657279999000025],[-0.309375,40.655849499000055],[-0.306115,40.64692699900007],[-0.296307499999955,40.63822949900003]]]]}},{"type":"Feature","properties":{"codigo":"12084","nombre":"Onda"},"geometry":{"type":"MultiPolygon","coordinates":[[[[-0.312814499999945,39.97535699900004],[-0.300625798999931,39.98260656600007],[-0.282489148999957,40.00116959300004],[-0.284647499999949,40.01156999900007],[-0.270764803999953,40.011561468000025],[-0.261145549999981,40.01473886800005],[-0.254478190999976,40.01185819800003],[-0.249064404999956,40.018991146000076],[-0.265358598999967,40.02478118600004],[-0.275568594999925,40.03911886800006],[-0.287906499999963,40.04748999900005],[-0.282812253999964,40.047447238000075],[-0.233482460999937,40.02598164700004],[-0.212489054999935,40.02144893600007],[-0.20662490899997,40.01166325400004],[-0.173277007999957,40.021989046000044],[-0.160759499999926,40.020181999000044],[-0.158210923999945,40.00253687700007],[-0.135154,39.98648349900003],[-0.137057,39.982817999000076],[-0.146524499999941,39.97787099900006],[-0.153618499999936,39.971164499000054],[-0.166855749999968,39.97878269500006],[-0.174875499999928,39.938014999000075],[-0.209795613999972,39.94825669200003],[-0.226178803999971,39.92984547000003],[-0.234175,39.92605199900004],[-0.248643499999957,39.92615099900007],[-0.255707,39.93005749900004],[-0.26077,39.92602549900005],[-0.275761130999967,39.933370420000074],[-0.289940831999957,39.95107659400003],[-0.294816984999954,39.95302232300003],[-0.296211540999934,39.96739537700006],[-0.312814499999945,39.97535699900004]]]]}},{"type":"Feature","properties":{"codigo":"12085","nombre":"Oropesa del Mar"},"geometry":{"type":"MultiPolygon","coordinates":[[[[0.090114500000027,40.05576699900007],[0.087681847000056,40.06408653900007],[0.093141293000031,40.07328361700007],[0.087805991000039,40.07692562400007],[0.08597450000002,40.083439499000065],[0.104748586000028,40.090707905000045],[0.119002566000063,40.10914338400005],[0.116853752000054,40.11473739300004],[0.125407789000064,40.12487299500003],[0.135487580000074,40.128047191000064],[0.160952,40.123920499000064],[0.148256776000039,40.09770048400003],[0.146997326000076,40.08322623000004],[0.137002873000029,40.08109598200008],[0.131160541000042,40.07147336500003],[0.121535738000034,40.06313580700004],[0.105181953000056,40.05666282300007],[0.090114500000027,40.05576699900007]]]]}},{"type":"Feature","properties":{"codigo":"12087","nombre":"Palanques"},"geometry":{"type":"MultiPolygon","coordinates":[[[[-0.13164949999998,40.69990549900007],[-0.144489080999961,40.69304778800006],[-0.166096108999966,40.70600869400005],[-0.186568225999963,40.709501930000044],[-0.207202764999977,40.70466489700004],[-0.210971499999971,40.69671649900005],[-0.237477,40.697940999000025],[-0.233511499999963,40.70855299900006],[-0.21804696099997,40.72134408900007],[-0.188281494999956,40.72793570700003],[-0.181757979999929,40.725956386000064],[-0.174785001999965,40.71552301400004],[-0.162130464999962,40.714270949000024],[-0.140861831999928,40.70668337200004],[-0.13164949999998,40.69990549900007]]]]}},{"type":"Feature","properties":{"codigo":"12088","nombre":"Pavías"},"geometry":{"type":"MultiPolygon","coordinates":[[[[-0.480388499999947,39.992465999000046],[-0.470605177999971,39.98851359200006],[-0.466203201999974,39.98056892300008],[-0.451826,39.96902449900006],[-0.448721,39.967845999000076],[-0.449142499999937,39.96564099900007],[-0.447482,39.96181849900006],[-0.456288456999971,39.957066766000025],[-0.485244,39.95487999900007],[-0.496485279999945,39.95791543800004],[-0.507326660999979,39.95551800700008],[-0.515765,39.95832449900007],[-0.509650499999964,39.965858499000035],[-0.502238543999965,39.979509732000054],[-0.480388499999947,39.992465999000046]]]]}},{"type":"Feature","properties":{"codigo":"12089","nombre":"Peníscola"},"geometry":{"type":"MultiPolygon","coordinates":[[[[0.345825500000046,40.42137899900007],[0.348107500000026,40.42296999900003],[0.355006,40.424239999000065],[0.357456500000069,40.42349949900006],[0.417328500000053,40.39957799900003],[0.405256511000061,40.36968389800006],[0.404251158000022,40.36217546600005],[0.407344114000068,40.35729397800003],[0.400172586000053,40.356969426000035],[0.393082441000047,40.35156014900008],[0.385578551000037,40.33990167700006],[0.367365304000032,40.326161537000075],[0.354723824000075,40.31226210500006],[0.349237077000055,40.29835964200004],[0.337394345000064,40.292344816000025],[0.331771740000022,40.281859428000075],[0.322356,40.27434899900004],[0.29716161500005,40.30617336900008],[0.30249850000007,40.32346349900007],[0.313268738000033,40.338615436000055],[0.340826241000059,40.353105276000065],[0.348252345000049,40.37046643100007],[0.33232941600005,40.38503354800008],[0.312562,40.393417499000066],[0.329427500000065,40.401473999000075],[0.338237500000048,40.40763099900005],[0.340451,40.417075999000076],[0.345825500000046,40.42137899900007]]]]}},{"type":"Feature","properties":{"codigo":"12090","nombre":"Pina de Montalgrao"},"geometry":{"type":"MultiPolygon","coordinates":[[[[-0.654428499999938,39.97996149900007],[-0.664410519999933,39.98706338900007],[-0.673906238999962,40.01710639300006],[-0.68799185499995,40.03541031300006],[-0.68868247599994,40.04095445100006],[-0.701667226999973,40.04495437400004],[-0.711392,40.036613499000055],[-0.716220499999963,40.04036649900007],[-0.713508499999932,40.04273099900007],[-0.702786592999928,40.046313981000026],[-0.679683499999953,40.045709499000054],[-0.668705316999933,40.04292817600003],[-0.655884037999954,40.044115204000036],[-0.642300400999943,40.035874738000075],[-0.61853074499993,40.03146978400008],[-0.620371641999952,40.022769039000025],[-0.616351499999951,40.01749799900006],[-0.618341499999929,40.013854999000046],[-0.609884,40.00678649900004],[-0.609239,40.00479149900008],[-0.613291,39.996398999000064],[-0.623856499999931,39.98659899900008],[-0.636813,39.98104449900006],[-0.643084499999929,39.98219299900006],[-0.649894499999959,39.97998799900006],[-0.654428499999938,39.97996149900007]]]]}},{"type":"Feature","properties":{"codigo":"12091","nombre":"Portell de Morella"},"geometry":{"type":"MultiPolygon","coordinates":[[[[-0.23658949999998,40.53828449900004],[-0.237786137999933,40.53188225800005],[-0.243116563999934,40.52882219400004],[-0.240184846999966,40.52317098800006],[-0.247186644999942,40.51588914900003],[-0.244609455999978,40.50255897400007],[-0.252960085999973,40.48921053500004],[-0.254054499999938,40.477437499000075],[-0.265899162999972,40.474389760000065],[-0.279784897999946,40.484959203000074],[-0.275985514999945,40.49577214400006],[-0.281621258999962,40.50442802100008],[-0.287583746999928,40.508774721000066],[-0.298473799999954,40.50730634800004],[-0.301798992999977,40.517728274000035],[-0.297403499999973,40.53152749900005],[-0.291232967999974,40.54409618700004],[-0.291172981999978,40.552163233000044],[-0.299327174999974,40.57607947300005],[-0.294254499999965,40.583957499000064],[-0.277772935999963,40.590887448000046],[-0.269482191999941,40.59042116900008],[-0.261386499999958,40.600719999000034],[-0.248545677999971,40.59175267300003],[-0.252938668999946,40.57824704500007],[-0.249461594999957,40.56295220900006],[-0.227778238999974,40.54880657900003],[-0.229830814999957,40.54477013200005],[-0.235468409999953,40.544741945000055],[-0.23658949999998,40.53828449900004]]]]}},{"type":"Feature","properties":{"codigo":"12092","nombre":"Puebla de Arenoso"},"geometry":{"type":"MultiPolygon","coordinates":[[[[-0.580082,40.13724099900003],[-0.563428444999943,40.128220181000074],[-0.541692723999972,40.12168206000007],[-0.524148251999975,40.12532541000007],[-0.513065,40.110423999000034],[-0.532769499999972,40.102809999000044],[-0.56151049999994,40.09761799900008],[-0.573275,40.077472499000066],[-0.578233,40.06068399900005],[-0.586321896999948,40.064652712000054],[-0.601568181999937,40.06490164100006],[-0.613470499999949,40.069589499000074],[-0.618957,40.08337399900006],[-0.628651,40.102103999000065],[-0.609242,40.12571349900003],[-0.594050239999945,40.13292072300004],[-0.58587517199993,40.13247311300006],[-0.580082,40.13724099900003]]]]}},{"type":"Feature","properties":{"codigo":"12093","nombre":"Pobla de Benifassà, la"},"geometry":{"type":"MultiPolygon","coordinates":[[[[0.13947950000005,40.63679099900003],[0.119153,40.634452999000075],[0.109076500000072,40.63872549900003],[0.089746,40.65025699900008],[0.090842232000057,40.65366317500008],[0.099010509000038,40.65596611500007],[0.08265388600006,40.674532561000035],[0.068108731000052,40.67751851500003],[0.060185001000036,40.68676968600005],[0.048050792000026,40.68325254100006],[0.042237,40.69100549900003],[0.072749500000043,40.71430949900008],[0.115016,40.72774099900005],[0.116587500000037,40.72508649900004],[0.123859500000037,40.72079849900007],[0.141362500000071,40.71820799900007],[0.162609957000029,40.72305391400005],[0.170485500000041,40.73293599900006],[0.18297844500006,40.72830198400004],[0.190964776000044,40.73028554200005],[0.198301678000064,40.724775290000025],[0.21572009700003,40.73172836500004],[0.224722901000064,40.732449107000036],[0.227371634000065,40.71641277400005],[0.239818575000072,40.701368735000074],[0.261971112000026,40.705510952000054],[0.290339797000058,40.688406212000075],[0.290870834000032,40.68334465700008],[0.268443,40.65982299900003],[0.256497197000044,40.662816140000075],[0.236531558000024,40.66023032700008],[0.157091153000067,40.64576462300005],[0.13947950000005,40.63679099900003]]]]}},{"type":"Feature","properties":{"codigo":"12094","nombre":"Pobla Tornesa, la"},"geometry":{"type":"MultiPolygon","coordinates":[[[[0.002680500000054,40.07034249900005],[-0.008904499999971,40.082010499000035],[-0.01101,40.09743449900003],[-0.025226499999974,40.09011799900003],[-0.044571,40.089927499000055],[-0.054816,40.091710499000044],[-0.047569260999978,40.09974867200003],[-0.029350703999967,40.11162139600003],[-0.019031373999951,40.11312034300005],[-0.005825189999939,40.11982481200005],[0.000842635000026,40.14040352300003],[0.01709,40.142577499000026],[0.014677500000062,40.134284999000045],[0.018597500000055,40.12593099900005],[0.018997500000069,40.11865249900006],[0.022875,40.11825149900005],[0.024349,40.10572049900003],[0.031995,40.09007249900003],[0.035095500000068,40.086467999000035],[0.030998,40.085567499000035],[0.012531500000023,40.07664499900005],[0.002680500000054,40.07034249900005]]]]}},{"type":"Feature","properties":{"codigo":"12095","nombre":"Ribesalbes"},"geometry":{"type":"MultiPolygon","coordinates":[[[[-0.287906499999963,40.04748999900005],[-0.275568594999925,40.03911886800006],[-0.265358598999967,40.02478118600004],[-0.249064404999956,40.018991146000076],[-0.254478190999976,40.01185819800003],[-0.261145549999981,40.01473886800005],[-0.270764803999953,40.011561468000025],[-0.284647499999949,40.01156999900007],[-0.286907499999927,40.01930649900004],[-0.29106,40.02270899900003],[-0.297406499999965,40.03472149900006],[-0.298715,40.039825499000074],[-0.292694499999925,40.04730549900006],[-0.287906499999963,40.04748999900005]]]]}},{"type":"Feature","properties":{"codigo":"12096","nombre":"Rossell"},"geometry":{"type":"MultiPolygon","coordinates":[[[[0.13947950000005,40.63679099900003],[0.157091153000067,40.64576462300005],[0.236531558000024,40.66023032700008],[0.256497197000044,40.662816140000075],[0.268443,40.65982299900003],[0.267062844000066,40.643967340000074],[0.279658637000068,40.629854085000034],[0.29115930200004,40.62398258400003],[0.298511183000073,40.62502201900003],[0.311115500000028,40.61690499900004],[0.305558647000055,40.61355194400005],[0.284630666000055,40.61229357800005],[0.275034624000057,40.60337098200006],[0.260342725000044,40.57881699300003],[0.25544605400006,40.57515626300005],[0.249147989000051,40.575854364000065],[0.239807503000065,40.58217268900006],[0.231310718000032,40.582167506000076],[0.216791149000073,40.58737032700003],[0.212480777000053,40.591942301000074],[0.205240643000025,40.58803116300004],[0.201186908000068,40.59212315900004],[0.193967774000043,40.59156532700007],[0.187659859000064,40.59729298600007],[0.185898500000064,40.59554649900008],[0.173432007000031,40.61027873000006],[0.157893748000049,40.614796942000055],[0.154616115000067,40.626740848000054],[0.13947950000005,40.63679099900003]]]]}},{"type":"Feature","properties":{"codigo":"12097","nombre":"Sacañet"},"geometry":{"type":"MultiPolygon","coordinates":[[[[-0.797528499999942,39.88325499900003],[-0.78341506299995,39.88590791800004],[-0.733634189999975,39.86940741600006],[-0.704063499999961,39.868412499000044],[-0.69926849999996,39.86457799900006],[-0.692296,39.86161049900005],[-0.686866499999951,39.85654849900004],[-0.690292578999959,39.855852395000056],[-0.691059,39.85247049900005],[-0.707046140999978,39.83441407300006],[-0.712497499999927,39.81685249900005],[-0.722604744999956,39.813792715000034],[-0.734927755999934,39.819303912000066],[-0.738283215999957,39.830132029000026],[-0.744472074999976,39.832733543000074],[-0.772675435999929,39.86863501700003],[-0.791969349999931,39.88031177700003],[-0.797643,39.88107649900007],[-0.797528499999942,39.88325499900003]]]]}},{"type":"Feature","properties":{"codigo":"12098","nombre":"Salzadella, la"},"geometry":{"type":"MultiPolygon","coordinates":[[[[0.189599500000043,40.39342099900006],[0.186747500000024,40.390907499000036],[0.184653,40.38570399900004],[0.177484,40.380840499000044],[0.171739,40.37360399900007],[0.169027500000027,40.37304699900005],[0.151346337000064,40.38173799600003],[0.135766183000044,40.38269423000003],[0.129352702000062,40.39089306400007],[0.121375385000022,40.39433255300003],[0.108398400000056,40.41426373500008],[0.100524500000063,40.418277499000055],[0.098495288000038,40.42154074500007],[0.107752862000041,40.429992249000065],[0.109302187000026,40.43925363100004],[0.114650869000059,40.446737247000044],[0.097602651000045,40.45485849600004],[0.091878826000027,40.46567646500006],[0.092601500000058,40.48039249900006],[0.110495102000073,40.46329172500003],[0.15806943900003,40.43799328000006],[0.188158818000034,40.42465479600003],[0.20398461700006,40.426221103000046],[0.211590500000057,40.42111949900004],[0.215727,40.415954499000065],[0.202331602000072,40.41310249700007],[0.191686888000049,40.40311182200003],[0.189599500000043,40.39342099900006]]]]}},{"type":"Feature","properties":{"codigo":"12099","nombre":"Sant Jordi"},"geometry":{"type":"MultiPolygon","coordinates":[[[[0.353779,40.511836999000025],[0.347278768000024,40.50970082400005],[0.327980500000024,40.48625949900003],[0.320778500000074,40.490939999000034],[0.307061500000032,40.49581899900005],[0.304081544000042,40.50715769100003],[0.31938094700007,40.51973278000003],[0.321460473000059,40.52932529900005],[0.360480343000063,40.561337851000076],[0.417673,40.58781449900005],[0.424299,40.58384299900007],[0.398522535000041,40.549081157000046],[0.35385850900002,40.515313038000045],[0.353779,40.511836999000025]]]]}},{"type":"Feature","properties":{"codigo":"12100","nombre":"Sant Mateu"},"geometry":{"type":"MultiPolygon","coordinates":[[[[0.211590500000057,40.42111949900004],[0.20398461700006,40.426221103000046],[0.188158818000034,40.42465479600003],[0.15806943900003,40.43799328000006],[0.110495102000073,40.46329172500003],[0.0917,40.48107549900004],[0.104422806000059,40.48069573600003],[0.119757452000044,40.48960586900006],[0.13519438000003,40.488559698000074],[0.170827573000054,40.50526049100006],[0.18912063700003,40.497198870000034],[0.206148,40.49946999900004],[0.213902884000049,40.49659731100007],[0.223391069000058,40.48602241700007],[0.233817,40.48006449900004],[0.228936500000032,40.47325499900006],[0.221588500000053,40.441943999000046],[0.219902,40.428111999000066],[0.211590500000057,40.42111949900004]]]]}},{"type":"Feature","properties":{"codigo":"12101","nombre":"San Rafael del Río"},"geometry":{"type":"MultiPolygon","coordinates":[[[[0.300357500000075,40.59161749900005],[0.311115500000028,40.61690499900004],[0.329831500000068,40.611045999000055],[0.392416,40.604167999000026],[0.370522731000051,40.583507732000044],[0.34816376200007,40.59376461000005],[0.346084491000056,40.58473754600004],[0.335442897000064,40.56638724600003],[0.311430693000034,40.57988406900006],[0.304152610000074,40.59044997500007],[0.300357500000075,40.59161749900005]]]]}},{"type":"Feature","properties":{"codigo":"12102","nombre":"Santa Magdalena de Pulpis"},"geometry":{"type":"MultiPolygon","coordinates":[[[[0.312562,40.393417499000066],[0.33232941600005,40.38503354800008],[0.348252345000049,40.37046643100007],[0.340826241000059,40.353105276000065],[0.313268738000033,40.338615436000055],[0.30249850000007,40.32346349900007],[0.189599500000043,40.39342099900006],[0.191686888000049,40.40311182200003],[0.202331602000072,40.41310249700007],[0.215727,40.415954499000065],[0.235882685000036,40.40728544800004],[0.26825552400004,40.39889248800006],[0.275553781000042,40.39937606800004],[0.283086967000031,40.395465917000024],[0.298206525000069,40.39723128000003],[0.312562,40.393417499000066]]]]}},{"type":"Feature","properties":{"codigo":"12103","nombre":"Serratella, la"},"geometry":{"type":"MultiPolygon","coordinates":[[[[0.04944850000004,40.340778499000066],[0.060302168000021,40.33266197000006],[0.058010091000028,40.29946162700003],[0.04464869100002,40.28711908900004],[0.02749,40.27931999900005],[0.017455367000025,40.28692278600005],[0.013336526000046,40.29948995700005],[0.022348671000032,40.31180654700006],[-0.007386499999939,40.31837099900008],[0.006645500000047,40.31795099900006],[0.023062500000037,40.32139599900006],[0.039452500000039,40.33573499900007],[0.04944850000004,40.340778499000066]]]]}},{"type":"Feature","properties":{"codigo":"12104","nombre":"Segorbe"},"geometry":{"type":"MultiPolygon","coordinates":[[[[-0.386879,39.76918399900006],[-0.388918,39.768699999000034],[-0.407433904999948,39.747003265000046],[-0.419763063999937,39.74537003700004],[-0.437739284999964,39.73640050100005],[-0.439335,39.730071999000074],[-0.44503149999997,39.71890649900007],[-0.459142344999975,39.715254783000034],[-0.475083089999941,39.73174831700004],[-0.482632648999925,39.734284917000025],[-0.489865178999935,39.74173380000008],[-0.498148570999945,39.74761797700006],[-0.502307997999935,39.755693593000046],[-0.505783584999961,39.75959607800007],[-0.508514979999973,39.77072612500007],[-0.513335943999948,39.775877395000066],[-0.513898808999954,39.77908393700005],[-0.520542329999955,39.784270218000074],[-0.530530499999941,39.79598249900005],[-0.507641802999956,39.81590950700007],[-0.49428488999996,39.83462233700004],[-0.495685683999966,39.84360850400003],[-0.519113,39.876723999000035],[-0.501499499999966,39.86455549900006],[-0.477227499999969,39.87872299900005],[-0.476570907999928,39.86606405200007],[-0.461789320999969,39.843552371000044],[-0.464458,39.83939749900003],[-0.46655382299997,39.84113684400006],[-0.468650389999937,39.83998847400005],[-0.469721454999956,39.837841129000026],[-0.468621576999965,39.83419975000004],[-0.463584952999952,39.83138293800005],[-0.460800135999932,39.83327235400003],[-0.462342499999977,39.83652499900006],[-0.446235367999975,39.83868145400004],[-0.443183545999943,39.83270487600004],[-0.44484,39.82539349900003],[-0.437195,39.814838499000075],[-0.42621,39.80832299900004],[-0.42115277299996,39.80049290800008],[-0.406081342999926,39.78987297000003],[-0.396312010999964,39.786806229000035],[-0.39174,39.77989949900007],[-0.385799499999962,39.77643949900005],[-0.3855,39.77295699900003],[-0.386879,39.76918399900006]]]]}},{"type":"Feature","properties":{"codigo":"12105","nombre":"Sierra Engarcerán"},"geometry":{"type":"MultiPolygon","coordinates":[[[[-0.033495,40.32193349900007],[-0.031231,40.31777549900005],[-0.007386499999939,40.31837099900008],[0.022348671000032,40.31180654700006],[0.013336526000046,40.29948995700005],[0.017455367000025,40.28692278600005],[0.031415500000037,40.27584849900006],[0.032897500000047,40.269538999000076],[0.024098500000036,40.249675499000034],[-0.010220111999956,40.23226851700008],[-0.008601,40.215350999000066],[-0.052254,40.20906099900003],[-0.082531,40.21535849900005],[-0.08141756699996,40.21816534800007],[-0.085432499999968,40.22001649900005],[-0.078115587999946,40.23771611500007],[-0.076133804999927,40.251681045000055],[-0.081185772999959,40.26030971200004],[-0.070417771999928,40.265420463000055],[-0.066965514999936,40.278997795000066],[-0.057570650999935,40.285732282000026],[-0.055320031999941,40.298874624000064],[-0.048735411999928,40.30284445700005],[-0.044533164999962,40.313543227000025],[-0.033495,40.32193349900007]]]]}},{"type":"Feature","properties":{"codigo":"12106","nombre":"Soneja"},"geometry":{"type":"MultiPolygon","coordinates":[[[[-0.329572,39.82352449900003],[-0.326483499999938,39.824550499000054],[-0.313409,39.82274599900006],[-0.31039549999997,39.81401799900004],[-0.31596049999996,39.79983549900004],[-0.328195,39.801486999000076],[-0.338441,39.800163499000064],[-0.349947,39.80095699900005],[-0.35733149999993,39.799747499000034],[-0.377857499999948,39.79988099900004],[-0.395582112999932,39.81530818300007],[-0.413099785999975,39.814892858000064],[-0.42621,39.80832299900004],[-0.437195,39.814838499000075],[-0.44484,39.82539349900003],[-0.436500310999975,39.820873206000044],[-0.426785793999954,39.82182994900006],[-0.427796644999944,39.83012026200004],[-0.415306499999929,39.84181999900005],[-0.404604,39.84828199900005],[-0.401287,39.848884499000064],[-0.397791499999926,39.85321749900004],[-0.379456621999964,39.83198807800005],[-0.375781828999948,39.81873249200004],[-0.357248843999969,39.82333944700008],[-0.329572,39.82352449900003]]]]}},{"type":"Feature","properties":{"codigo":"12107","nombre":"Sot de Ferrer"},"geometry":{"type":"MultiPolygon","coordinates":[[[[-0.377857499999948,39.79988099900004],[-0.388543674999937,39.789733340000055],[-0.39174,39.77989949900007],[-0.396312010999964,39.786806229000035],[-0.406081342999926,39.78987297000003],[-0.42115277299996,39.80049290800008],[-0.42621,39.80832299900004],[-0.413099785999975,39.814892858000064],[-0.395582112999932,39.81530818300007],[-0.377857499999948,39.79988099900004]]]]}},{"type":"Feature","properties":{"codigo":"12108","nombre":"Sueras"},"geometry":{"type":"MultiPolygon","coordinates":[[[[-0.395509,39.935756499000036],[-0.392473496999969,39.94152585900008],[-0.385901485999966,39.943211708000035],[-0.375318920999973,39.95432294700004],[-0.367171,39.971317499000065],[-0.356680534999953,39.98032808200003],[-0.347786796999969,39.97641096900003],[-0.341243499999962,39.97986999900007],[-0.330351499999949,39.97812249900005],[-0.327084,39.97215649900005],[-0.320748499999979,39.969775999000035],[-0.317186499999934,39.954585999000074],[-0.32638849999995,39.94498049900005],[-0.33767165699993,39.943554232000054],[-0.351797583999939,39.932972594000034],[-0.365818528999966,39.93271154000007],[-0.378433807999954,39.92831174200006],[-0.395509,39.935756499000036]]]]}},{"type":"Feature","properties":{"codigo":"12109","nombre":"Tales"},"geometry":{"type":"MultiPolygon","coordinates":[[[[-0.329911,39.94491949900004],[-0.32638849999995,39.94498049900005],[-0.317186499999934,39.954585999000074],[-0.320748499999979,39.969775999000035],[-0.312814499999945,39.97535699900004],[-0.296211540999934,39.96739537700006],[-0.294816984999954,39.95302232300003],[-0.289940831999957,39.95107659400003],[-0.275761130999967,39.933370420000074],[-0.26077,39.92602549900005],[-0.280389,39.92136399900005],[-0.289633306999974,39.92281911100008],[-0.296796480999944,39.929980217000036],[-0.316580469999963,39.93417489500007],[-0.326761968999961,39.93939923700003],[-0.329911,39.94491949900004]]]]}},{"type":"Feature","properties":{"codigo":"12110","nombre":"Teresa"},"geometry":{"type":"MultiPolygon","coordinates":[[[[-0.654465,39.92065799900007],[-0.640022,39.90270249900004],[-0.641928353999958,39.89745356700007],[-0.660702334999939,39.88518755900003],[-0.662013698999942,39.87114921600005],[-0.681357160999937,39.86509898600008],[-0.686866499999951,39.85654849900004],[-0.692296,39.86161049900005],[-0.69926849999996,39.86457799900006],[-0.704063499999961,39.868412499000044],[-0.708976339999936,39.87529647200006],[-0.697699427999964,39.88578031600008],[-0.696252330999926,39.89628216700004],[-0.689758,39.90309149900003],[-0.683668499999953,39.90713849900004],[-0.668354499999964,39.910236499000064],[-0.659474499999931,39.914382999000054],[-0.65528,39.91767499900004],[-0.654465,39.92065799900007]]]]}},{"type":"Feature","properties":{"codigo":"12111","nombre":"Tírig"},"geometry":{"type":"MultiPolygon","coordinates":[[[[0.092601500000058,40.48039249900006],[0.091878826000027,40.46567646500006],[0.097602651000045,40.45485849600004],[0.114650869000059,40.446737247000044],[0.109302187000026,40.43925363100004],[0.107752862000041,40.429992249000065],[0.098495288000038,40.42154074500007],[0.100524500000063,40.418277499000055],[0.087962216000051,40.40394976400006],[0.084049500000049,40.389148499000044],[0.078042025000059,40.38810111400005],[0.072069326000076,40.39382592900006],[0.066505371000062,40.39254459000006],[0.064876226000024,40.39675195700005],[0.056633010000041,40.394949247000056],[0.048050912000065,40.40194011300008],[0.045607055000062,40.40907344900006],[0.030767130000072,40.41823541400004],[0.031678500000055,40.44692599900003],[0.042592662000061,40.45049724200004],[0.054115996000064,40.46492030300004],[0.077343186000064,40.468651538000074],[0.0917,40.48107549900004],[0.092601500000058,40.48039249900006]]]]}},{"type":"Feature","properties":{"codigo":"12112","nombre":"Todolella"},"geometry":{"type":"MultiPolygon","coordinates":[[[[-0.296307499999955,40.63822949900003],[-0.306115,40.64692699900007],[-0.309375,40.655849499000055],[-0.307377499999973,40.657279999000025],[-0.306946,40.65949999900005],[-0.293574499999977,40.67396899900007],[-0.288125469999954,40.67313880900008],[-0.277038153999968,40.680722425000056],[-0.260938499999952,40.68509699900005],[-0.257678820999956,40.67614708800005],[-0.265577158999974,40.66986351200006],[-0.263989530999936,40.664435094000055],[-0.258950973999958,40.66062424100005],[-0.247318188999941,40.65898118500007],[-0.226891273999968,40.64649284800004],[-0.224250477999931,40.63902751900008],[-0.21836929899996,40.634755478000045],[-0.22456,40.61561949900005],[-0.229823824999926,40.60934563700005],[-0.237863499999946,40.60778049900006],[-0.243685295999967,40.613710593000064],[-0.258144614999935,40.60896405300008],[-0.266033225999934,40.61810908900003],[-0.260387158999947,40.62718433500004],[-0.296307499999955,40.63822949900003]]]]}},{"type":"Feature","properties":{"codigo":"12113","nombre":"Toga"},"geometry":{"type":"MultiPolygon","coordinates":[[[[-0.345549,40.03831549900008],[-0.354204316999926,40.038254781000035],[-0.361409160999926,40.03211694600003],[-0.37108266599995,40.02933600800003],[-0.394496509999954,40.02726797100007],[-0.398665,40.03028499900006],[-0.388637270999936,40.04063023200007],[-0.384643514999937,40.050066678000064],[-0.385360121999952,40.05854117400003],[-0.396419777999938,40.07020776600007],[-0.397063499999945,40.076381499000036],[-0.381872758999975,40.079219961000035],[-0.367736499999978,40.074500999000065],[-0.363407351999967,40.06630290700008],[-0.36646301299993,40.05506111200003],[-0.351971895999952,40.04302857300007],[-0.342334,40.04413249900006],[-0.343089,40.04038299900003],[-0.345549,40.03831549900008]]]]}},{"type":"Feature","properties":{"codigo":"12114","nombre":"Torás"},"geometry":{"type":"MultiPolygon","coordinates":[[[[-0.654465,39.92065799900007],[-0.65528,39.91767499900004],[-0.659474499999931,39.914382999000054],[-0.67164,39.909240999000076],[-0.683668499999953,39.90713849900004],[-0.689758,39.90309149900003],[-0.694885770999974,39.907877658000075],[-0.700669606999952,39.920623060000025],[-0.721897499999955,39.939895499000045],[-0.717850778999946,39.94281949100008],[-0.712537391999945,39.94231070100005],[-0.699140360999934,39.952327524000054],[-0.689941499999975,39.95191949900004],[-0.676848499999949,39.944469499000036],[-0.673749,39.940623999000024],[-0.664571,39.93381899900004],[-0.654465,39.92065799900007]]]]}},{"type":"Feature","properties":{"codigo":"12115","nombre":"Toro, El"},"geometry":{"type":"MultiPolygon","coordinates":[[[[-0.797528499999942,39.88325499900003],[-0.80731162099994,39.89411559200005],[-0.831254369999954,39.908797650000054],[-0.83919591199998,39.92505587800008],[-0.83680051999994,39.93257971700007],[-0.845487265999964,39.94791231000005],[-0.844132499999944,39.95402899900006],[-0.836532768999973,39.95953743200005],[-0.840339464999943,39.96925677000007],[-0.835337921999951,39.97863338500008],[-0.815447716999927,39.98293876100007],[-0.802503231999935,39.990506313000026],[-0.789150503999963,39.99067474200007],[-0.77741735799998,39.999349884000026],[-0.767975914999965,40.010160203000055],[-0.762271,40.04126249900003],[-0.753936603999932,40.045584216000066],[-0.746978991999924,40.03863155700003],[-0.731526332999977,40.041958487000045],[-0.716220499999963,40.04036649900007],[-0.711392,40.036613499000055],[-0.715288499999929,40.03252799900008],[-0.742087499999968,40.03589999900004],[-0.74173449999995,40.032046999000045],[-0.737974,40.02064149900008],[-0.730262,40.005149999000025],[-0.719358499999942,39.998698999000055],[-0.70444,39.955913499000076],[-0.704165499999931,39.948356499000056],[-0.712537391999945,39.94231070100005],[-0.717850778999946,39.94281949100008],[-0.739164825999978,39.929920827000046],[-0.770509747999938,39.918995719000065],[-0.77359159599996,39.91087600100008],[-0.784359351999967,39.902741906000074],[-0.797528499999942,39.88325499900003]]]]}},{"type":"Feature","properties":{"codigo":"12116","nombre":"Torralba del Pinar"},"geometry":{"type":"MultiPolygon","coordinates":[[[[-0.447570499999927,40.03081499900003],[-0.448961268999938,40.02333099500004],[-0.445796188999964,40.015181521000045],[-0.42422864599996,40.005110632000026],[-0.416538627999955,39.98673962700008],[-0.422140499999955,39.97601349900003],[-0.428524769999967,39.97324345700008],[-0.435961299999974,39.97495221500003],[-0.44124445999995,39.97097577200003],[-0.451826,39.96902449900006],[-0.466203201999974,39.98056892300008],[-0.470605177999971,39.98851359200006],[-0.480388499999947,39.992465999000046],[-0.488521,40.00543599900004],[-0.487458,40.00759099900006],[-0.483997,40.009029499000064],[-0.468494756999974,40.00790176900006],[-0.447570499999927,40.03081499900003]]]]}},{"type":"Feature","properties":{"codigo":"12117","nombre":"Torreblanca"},"geometry":{"type":"MultiPolygon","coordinates":[[[[0.158043,40.221141999000054],[0.16899373800004,40.221063611000034],[0.182199721000075,40.23235345300003],[0.194928877000052,40.23552835800007],[0.204385654000021,40.23443807000007],[0.246552085000076,40.21366809700004],[0.255739,40.20327399900003],[0.230177818000072,40.19755648000006],[0.201215,40.18074799900006],[0.156496,40.20528799900006],[0.154838,40.21611399900007],[0.158043,40.221141999000054]]]]}},{"type":"Feature","properties":{"codigo":"12118","nombre":"Torrechiva"},"geometry":{"type":"MultiPolygon","coordinates":[[[[-0.407288499999936,40.02566199900008],[-0.420949091999944,40.036688027000025],[-0.432198,40.03887199900004],[-0.428822,40.04386899900004],[-0.418099,40.051566999000045],[-0.413789,40.060470499000076],[-0.40577049999996,40.072208499000055],[-0.403413499999942,40.07469499900003],[-0.397063499999945,40.076381499000036],[-0.396419777999938,40.07020776600007],[-0.385360121999952,40.05854117400003],[-0.384643514999937,40.050066678000064],[-0.388637270999936,40.04063023200007],[-0.399657,40.02823649900006],[-0.407288499999936,40.02566199900008]]]]}},{"type":"Feature","properties":{"codigo":"12119","nombre":"Torre d'En Besora, la"},"geometry":{"type":"MultiPolygon","coordinates":[[[[-0.083270499999969,40.33430349900004],[-0.062110684999936,40.33556864600007],[-0.054608311999971,40.338539429000036],[-0.048494,40.33689749900003],[-0.053411877999963,40.33221234700005],[-0.055541675999962,40.32327187300007],[-0.085620120999977,40.298818030000064],[-0.103174842999977,40.31147765700007],[-0.105674283999974,40.321456553000075],[-0.100617835999969,40.328824557000075],[-0.083270499999969,40.33430349900004]]]]}},{"type":"Feature","properties":{"codigo":"12120","nombre":"Torre d'en Doménec, la"},"geometry":{"type":"MultiPolygon","coordinates":[[[[0.055302879000067,40.27260000900003],[0.064586040000052,40.276749178000046],[0.088544298000045,40.270401596000056],[0.081516620000059,40.26003260700003],[0.076485304000073,40.25781341700008],[0.065492390000031,40.263829171000054],[0.055302879000067,40.27260000900003]]]]}},{"type":"Feature","properties":{"codigo":"12121","nombre":"Traiguera"},"geometry":{"type":"MultiPolygon","coordinates":[[[[0.271076,40.48949799900004],[0.268424500000037,40.49539949900003],[0.271858500000064,40.500968999000065],[0.259739500000023,40.50753399900003],[0.261402500000031,40.51602549900008],[0.258407500000033,40.52364749900005],[0.252926,40.52693549900005],[0.259319500000061,40.532214999000075],[0.27009350000003,40.54428499900007],[0.282669,40.55345549900005],[0.283967,40.55829249900006],[0.300357500000075,40.59161749900005],[0.304152610000074,40.59044997500007],[0.311430693000034,40.57988406900006],[0.335442897000064,40.56638724600003],[0.346084491000056,40.58473754600004],[0.34816376200007,40.59376461000005],[0.370522731000051,40.583507732000044],[0.392416,40.604167999000026],[0.402846106000027,40.60128634500006],[0.406350188000033,40.59413329000006],[0.417673,40.58781449900005],[0.360480343000063,40.561337851000076],[0.321460473000059,40.52932529900005],[0.31938094700007,40.51973278000003],[0.304081544000042,40.50715769100003],[0.307061500000032,40.49581899900005],[0.293215,40.49978249900005],[0.287698,40.49673449900007],[0.284242,40.49214149900007],[0.280048,40.48987199900006],[0.271076,40.48949799900004]]]]}},{"type":"Feature","properties":{"codigo":"12122","nombre":"Useras"},"geometry":{"type":"MultiPolygon","coordinates":[[[[-0.085706,40.164581499000064],[-0.10734064199994,40.13077925600004],[-0.130060499999956,40.12954349900008],[-0.133520102999967,40.13405373300003],[-0.132772965999948,40.14001315500008],[-0.140049968999961,40.14533662200006],[-0.152052304999927,40.14018155300005],[-0.173148597999955,40.14526211100008],[-0.185745499999939,40.140716499000064],[-0.197934,40.14417999900007],[-0.206701535999969,40.14984030800008],[-0.209194542999967,40.15798720500004],[-0.202199726999936,40.17214332900005],[-0.196767499999964,40.176532499000075],[-0.159546725999974,40.201208362000045],[-0.154217165999967,40.20943341700007],[-0.140604813999971,40.21162371600008],[-0.140264309999964,40.218690019000064],[-0.133681810999974,40.22866611000006],[-0.11805908599996,40.22810050100003],[-0.110263,40.23410399900007],[-0.105377158999943,40.23342058500003],[-0.102382795999972,40.23887836500006],[-0.097719669999947,40.239043768000045],[-0.094039726999938,40.233168705000026],[-0.096992710999928,40.22366606200006],[-0.08141756699996,40.21816534800007],[-0.083681920999936,40.21199186600006],[-0.076368152999976,40.186771701000055],[-0.085706,40.164581499000064]]]]}},{"type":"Feature","properties":{"codigo":"12123","nombre":"Vallat"},"geometry":{"type":"MultiPolygon","coordinates":[[[[-0.342334,40.04413249900006],[-0.328035,40.05372999900004],[-0.322233,40.04594799900008],[-0.322503,40.035468999000045],[-0.324117499999943,40.02981949900004],[-0.336207499999944,40.022388499000044],[-0.343893883999954,40.023113832000035],[-0.345549,40.03831549900008],[-0.343089,40.04038299900003],[-0.342334,40.04413249900006]]]]}},{"type":"Feature","properties":{"codigo":"12124","nombre":"Vall d'Alba"},"geometry":{"type":"MultiPolygon","coordinates":[[[[-0.008601,40.215350999000066],[-0.004444638999928,40.20785524400003],[0.012023169000031,40.20299136300008],[0.02647010000004,40.18759059700005],[0.025293,40.18357449900003],[0.014662500000043,40.165523499000074],[0.017705,40.15252699900003],[-0.001950145999956,40.146490940000035],[-0.027534688999935,40.15422696600007],[-0.054506412999956,40.15250243400004],[-0.066938429999936,40.16243661900006],[-0.085706,40.164581499000064],[-0.076368152999976,40.186771701000055],[-0.083681920999936,40.21199186600006],[-0.082531,40.21535849900005],[-0.052254,40.20906099900003],[-0.008601,40.215350999000066]]]]}},{"type":"Feature","properties":{"codigo":"12125","nombre":"Vall de Almonacid"},"geometry":{"type":"MultiPolygon","coordinates":[[[[-0.502355,39.89702199900006],[-0.469348499999967,39.92372499900006],[-0.455872800999941,39.91895791500008],[-0.448101090999955,39.908895450000045],[-0.440514809999968,39.904331874000036],[-0.433628245999955,39.90275683900006],[-0.419689758999937,39.90500677400007],[-0.410490838999976,39.89814946700005],[-0.411049,39.89166649900005],[-0.43395449999997,39.88524599900006],[-0.444108,39.88102349900004],[-0.453779,39.88068399900004],[-0.459709,39.87907749900006],[-0.477227499999969,39.87872299900005],[-0.494115100999977,39.895232527000076],[-0.502355,39.89702199900006]]]]}},{"type":"Feature","properties":{"codigo":"12126","nombre":"Vall d'Uixó, la"},"geometry":{"type":"MultiPolygon","coordinates":[[[[-0.246033499999953,39.77680599900003],[-0.276461,39.770545999000035],[-0.297414499999945,39.785186999000075],[-0.308501499999977,39.79699349900005],[-0.299463666999941,39.803868701000056],[-0.287187284999959,39.807548402000066],[-0.273909089999961,39.82108701100003],[-0.261632704999954,39.825794536000046],[-0.254127213999936,39.83357273000007],[-0.254542928999967,39.84654497900004],[-0.241267108999978,39.853704650000054],[-0.239143,39.86354449900006],[-0.235911499999929,39.861018999000066],[-0.217487492999965,39.86094051500004],[-0.174052708999966,39.83270055400004],[-0.17204849999996,39.81359099900004],[-0.181341499999974,39.798545999000055],[-0.184767499999964,39.800448999000025],[-0.202602,39.80191049900003],[-0.206613499999946,39.790782999000044],[-0.215457,39.78228399900007],[-0.218822,39.78050999900006],[-0.246033499999953,39.77680599900003]]]]}},{"type":"Feature","properties":{"codigo":"12127","nombre":"Vallibona"},"geometry":{"type":"MultiPolygon","coordinates":[[[[0.185898500000064,40.59554649900008],[0.173017731000073,40.58352852000007],[0.163254,40.57939149900005],[0.145390697000039,40.57525491600006],[0.113929513000073,40.586263486000064],[0.100016739000068,40.58300095300007],[0.078692500000045,40.57210549900003],[0.060853031000022,40.56888577700005],[0.05199013400005,40.57379517100003],[0.033761161000029,40.57830466200005],[0.02523775700007,40.577696557000024],[0.00353547800006,40.58580740200006],[0.005323986000064,40.59474843600003],[0.023181975000057,40.60494583700006],[0.020059537000066,40.60984482400005],[0.01147912600004,40.61456955700004],[0.009874930000024,40.62199029400006],[0.025613146000069,40.62805176100005],[0.033865455000068,40.63707917700003],[0.038859500000058,40.64999799900005],[0.043876,40.64953199900003],[0.049588,40.64566049900003],[0.060879500000055,40.644344499000056],[0.064072500000066,40.64717849900006],[0.089746,40.65025699900008],[0.109076500000072,40.63872549900003],[0.119153,40.634452999000075],[0.13947950000005,40.63679099900003],[0.154616115000067,40.626740848000054],[0.157893748000049,40.614796942000055],[0.173432007000031,40.61027873000006],[0.185898500000064,40.59554649900008]]]]}},{"type":"Feature","properties":{"codigo":"12128","nombre":"Vilafamés"},"geometry":{"type":"MultiPolygon","coordinates":[[[[-0.145532,40.09570149900003],[-0.146567728999969,40.10226060200006],[-0.138875771999949,40.11170870700005],[-0.141595980999966,40.11672818000005],[-0.130060499999956,40.12954349900008],[-0.10734064199994,40.13077925600004],[-0.085706,40.164581499000064],[-0.066938429999936,40.16243661900006],[-0.054506412999956,40.15250243400004],[-0.027534688999935,40.15422696600007],[-0.001950145999956,40.146490940000035],[0.017705,40.15252699900003],[0.01709,40.142577499000026],[0.000842635000026,40.14040352300003],[-0.005825189999939,40.11982481200005],[-0.019031373999951,40.11312034300005],[-0.029350703999967,40.11162139600003],[-0.047569260999978,40.09974867200003],[-0.054816,40.091710499000044],[-0.059794,40.09093549900007],[-0.062574,40.08765449900005],[-0.061870499999941,40.08305499900007],[-0.065805,40.08054949900003],[-0.07156307899993,40.083397122000065],[-0.077847691999978,40.080897391000065],[-0.089922093999974,40.08385947100004],[-0.095054037999944,40.08090614400004],[-0.094083830999978,40.075400745000024],[-0.100407794999967,40.074192750000066],[-0.104255507999937,40.07622017500006],[-0.106823818999942,40.083510990000036],[-0.11414248899996,40.085384188000035],[-0.119197677999978,40.098944043000074],[-0.145532,40.09570149900003]]]]}},{"type":"Feature","properties":{"codigo":"12129","nombre":"Vilafranca"},"geometry":{"type":"MultiPolygon","coordinates":[[[[-0.254054499999938,40.477437499000075],[-0.253477662999956,40.473306097000034],[-0.212641,40.46343249900008],[-0.192225384999972,40.44703458400005],[-0.182672781999941,40.44480518000006],[-0.16279,40.43263249900008],[-0.182336468999949,40.43079372300008],[-0.199989301999949,40.42202194500004],[-0.209914359999971,40.42251973400005],[-0.215516385999933,40.41285494600004],[-0.230401533999952,40.40646975900006],[-0.230148143999941,40.39765073500007],[-0.237741272999926,40.39124748100005],[-0.260048839999968,40.38273398500007],[-0.263206313999945,40.37766295500006],[-0.258536499999934,40.37129249900005],[-0.262424199999941,40.368225523000035],[-0.272735043999944,40.37131956400003],[-0.276809491999927,40.36800009800004],[-0.28028,40.36891399900003],[-0.283422720999965,40.38216519500003],[-0.288766559999942,40.38896562200006],[-0.30068370999993,40.397566804000064],[-0.314226963999943,40.41512712200006],[-0.331390262999946,40.42444424800004],[-0.34697749999998,40.44326549900006],[-0.343098266999959,40.44355612800007],[-0.333857666999961,40.45734445200003],[-0.307965637999928,40.46545464600007],[-0.294960172999936,40.46614234900005],[-0.290587814999981,40.47083859600008],[-0.273264394999956,40.47442539700006],[-0.271514499999967,40.47846349900004],[-0.265899162999972,40.474389760000065],[-0.254054499999938,40.477437499000075]]]]}},{"type":"Feature","properties":{"codigo":"12130","nombre":"Villahermosa del Río"},"geometry":{"type":"MultiPolygon","coordinates":[[[[-0.338130499999977,40.22051599900004],[-0.342837326999927,40.20187410500006],[-0.350353559999974,40.18706154200004],[-0.368171089999976,40.17573643500003],[-0.37494269299998,40.16511079900005],[-0.386622228999954,40.16136885000003],[-0.397593950999976,40.162336863000064],[-0.401468,40.15782949900006],[-0.413063815999976,40.163240803000065],[-0.437935469999957,40.167544959000054],[-0.448201370999925,40.16740353600005],[-0.458518624999954,40.16239770900006],[-0.482187,40.16157149900005],[-0.484744388999957,40.17584565900006],[-0.494802554999978,40.19848638500008],[-0.506576390999953,40.20191447500008],[-0.51281781199998,40.227316633000044],[-0.510533499999951,40.23178849900006],[-0.501514499999928,40.23319999900008],[-0.494641426999976,40.22963744000003],[-0.471123400999943,40.238424337000026],[-0.462497722999956,40.234823352000035],[-0.451864549999925,40.235559683000076],[-0.388228,40.26143049900003],[-0.380720293999957,40.25591483800008],[-0.370602628999961,40.237978714000064],[-0.349679499999979,40.222720999000046],[-0.338130499999977,40.22051599900004]]]]}},{"type":"Feature","properties":{"codigo":"12131","nombre":"Villamalur"},"geometry":{"type":"MultiPolygon","coordinates":[[[[-0.367171,39.971317499000065],[-0.375318920999973,39.95432294700004],[-0.385901485999966,39.943211708000035],[-0.392473496999969,39.94152585900008],[-0.395509,39.935756499000036],[-0.400771,39.934307499000056],[-0.405951,39.93780849900003],[-0.411314499999946,39.93864799900007],[-0.447482,39.96181849900006],[-0.449142499999937,39.96564099900007],[-0.448721,39.967845999000076],[-0.451826,39.96902449900006],[-0.44124445999995,39.97097577200003],[-0.435961299999974,39.97495221500003],[-0.428524769999967,39.97324345700008],[-0.422140499999955,39.97601349900003],[-0.411724854999932,39.96990591300005],[-0.392216558999962,39.976210982000055],[-0.381882398999949,39.97136108300003],[-0.367171,39.971317499000065]]]]}},{"type":"Feature","properties":{"codigo":"12132","nombre":"Vilanova d'Alcolea"},"geometry":{"type":"MultiPolygon","coordinates":[[[[0.160144500000058,40.231479499000045],[0.153884500000061,40.223434499000064],[0.148481263000065,40.22169572800004],[0.146422720000032,40.214385890000074],[0.140708876000076,40.21249668000007],[0.138998664000042,40.20801600600004],[0.13414743900006,40.20684547400003],[0.130282832000034,40.20135932000005],[0.097540353000056,40.19942826400006],[0.050828563000039,40.210834903000034],[0.041125007000062,40.232333880000056],[0.024098500000036,40.249675499000034],[0.032897500000047,40.269538999000076],[0.031415500000037,40.27584849900006],[0.039559333000057,40.27238788200003],[0.054956890000028,40.27364991200005],[0.064962999000045,40.28057102100007],[0.079459448000023,40.283139549000055],[0.090820797000049,40.28012883700006],[0.108754966000049,40.28525091300003],[0.112784134000037,40.28157242200007],[0.11781707800003,40.26723720500007],[0.142428061000032,40.24361037400007],[0.160144500000058,40.231479499000045]],[[0.055302879000067,40.27260000900003],[0.065492390000031,40.263829171000054],[0.076485304000073,40.25781341700008],[0.081516620000059,40.26003260700003],[0.088544298000045,40.270401596000056],[0.064586040000052,40.276749178000046],[0.055302879000067,40.27260000900003]]]]}},{"type":"Feature","properties":{"codigo":"12133","nombre":"Villanueva de Viver"},"geometry":{"type":"MultiPolygon","coordinates":[[[[-0.629336499999965,40.074613499000066],[-0.620516,40.04585099900004],[-0.630795499999977,40.048042499000076],[-0.664186499999971,40.05115299900007],[-0.645692018999966,40.06658917100003],[-0.629336499999965,40.074613499000066]]]]}},{"type":"Feature","properties":{"codigo":"12134","nombre":"Vilar de Canes"},"geometry":{"type":"MultiPolygon","coordinates":[[[[-0.048494,40.33689749900003],[-0.054608311999971,40.338539429000036],[-0.062110684999936,40.33556864600007],[-0.083270499999969,40.33430349900004],[-0.09122261899995,40.337883298000065],[-0.087639967999962,40.349709621000045],[-0.088742499999967,40.35901649900006],[-0.079123308999954,40.36379572800007],[-0.071913,40.37976049900004],[-0.041733499999964,40.36529149900008],[-0.033913,40.36505499900005],[-0.028526499999941,40.362498999000024],[-0.044651499999929,40.34378449900004],[-0.04466,40.34007999900007],[-0.048494,40.33689749900003]]]]}},{"type":"Feature","properties":{"codigo":"12135","nombre":"Vila-real"},"geometry":{"type":"MultiPolygon","coordinates":[[[[-0.09620549999994,39.904037499000026],[-0.127143025999942,39.90645638700005],[-0.14748181799996,39.89267959800003],[-0.168302499999925,39.893024499000035],[-0.169649,39.89590049900005],[-0.168402792999927,39.91888292400006],[-0.174875499999928,39.938014999000075],[-0.166855749999968,39.97878269500006],[-0.153618499999936,39.971164499000054],[-0.129765996999936,39.962451728000076],[-0.121552300999952,39.960609712000064],[-0.116471270999966,39.96256086300008],[-0.099684334999949,39.95478814400008],[-0.085605648999945,39.95332948600003],[-0.061008499999957,39.932903499000076],[-0.085470191999946,39.91932342400003],[-0.09620549999994,39.904037499000026]]]]}},{"type":"Feature","properties":{"codigo":"12136","nombre":"Vilavella, la"},"geometry":{"type":"MultiPolygon","coordinates":[[[[-0.215759826999943,39.864549055000055],[-0.208930713999962,39.87381401500005],[-0.197176057999968,39.87745059100007],[-0.172477767999965,39.86339363400003],[-0.174844901999961,39.855708865000054],[-0.172633198999961,39.852730079000025],[-0.193844007999928,39.851187078000066],[-0.199325176999935,39.86022970500005],[-0.215759826999943,39.864549055000055]]]]}},{"type":"Feature","properties":{"codigo":"12137","nombre":"Villores"},"geometry":{"type":"MultiPolygon","coordinates":[[[[-0.208372,40.68923199900007],[-0.189342355999941,40.682544851000046],[-0.187928094999961,40.67951832000006],[-0.194008500999928,40.67049339500005],[-0.207218591999947,40.671483987000045],[-0.22471737199993,40.67475723000007],[-0.234050177999961,40.68119711500003],[-0.231980245999978,40.68516129300008],[-0.222328322999942,40.68425846700006],[-0.208372,40.68923199900007]]]]}},{"type":"Feature","properties":{"codigo":"12138","nombre":"Vinaròs"},"geometry":{"type":"MultiPolygon","coordinates":[[[[0.353779,40.511836999000025],[0.35385850900002,40.515313038000045],[0.398522535000041,40.549081157000046],[0.424299,40.58384299900007],[0.441493906000062,40.57795004500008],[0.434228097000073,40.564865713000074],[0.438044500000046,40.54705799900006],[0.476899959000036,40.53245054200005],[0.515238500000066,40.52291849900007],[0.504489963000026,40.502918161000025],[0.484473546000061,40.47593461100007],[0.46578131900003,40.45893821900006],[0.453484500000059,40.44265349900007],[0.43851932900003,40.45035102200006],[0.426448014000073,40.469345272000055],[0.415822856000034,40.47893046100006],[0.40230020100006,40.482341021000025],[0.388111088000073,40.491011541000034],[0.374234500000057,40.48984149900008],[0.375306287000058,40.493874240000025],[0.369880198000033,40.49433594000004],[0.353779,40.511836999000025]]]]}},{"type":"Feature","properties":{"codigo":"12139","nombre":"Vistabella del Maestrat"},"geometry":{"type":"MultiPolygon","coordinates":[[[[-0.349679499999979,40.222720999000046],[-0.370602628999961,40.237978714000064],[-0.380720293999957,40.25591483800008],[-0.388228,40.26143049900003],[-0.384196048999968,40.26508469800007],[-0.383215847999963,40.27755682500003],[-0.399053767999931,40.29532983100006],[-0.390930362999939,40.299866595000026],[-0.39007,40.305652999000074],[-0.380715423999959,40.30846903200006],[-0.369978106999952,40.30593242200007],[-0.363338238999972,40.315554390000045],[-0.354452563999928,40.314451949000045],[-0.349300511999957,40.320783290000065],[-0.348945289999961,40.32717464800004],[-0.342455757999971,40.32704692200008],[-0.339370108999958,40.33919545200007],[-0.323255790999951,40.348014215000035],[-0.314500117999955,40.35714931100006],[-0.28028,40.36891399900003],[-0.276809491999927,40.36800009800004],[-0.272735043999944,40.37131956400003],[-0.262424199999941,40.368225523000035],[-0.258536499999934,40.37129249900005],[-0.24701556399998,40.375067253000054],[-0.232088365999971,40.370815349000054],[-0.224058468999942,40.37156015000005],[-0.213800340999967,40.364000547000046],[-0.219071600999939,40.360116204000064],[-0.21267491499998,40.35332660500006],[-0.203137,40.35105149900005],[-0.207819881999967,40.34501690500008],[-0.20365092399993,40.344891818000065],[-0.204077040999948,40.33919941500005],[-0.19854618599993,40.33646125200005],[-0.205269677999979,40.33144615700007],[-0.209276,40.32244899900007],[-0.236640859999966,40.292622839000046],[-0.23843949999997,40.27587149900006],[-0.245284,40.27181199900008],[-0.253555,40.26357649900007],[-0.277686499999959,40.259986999000034],[-0.283185858999957,40.264443035000056],[-0.295781591999969,40.267801242000075],[-0.310590021999928,40.26526875300004],[-0.31893198299997,40.24971703400007],[-0.325051930999962,40.247518798000044],[-0.331274766999968,40.236063708000074],[-0.347152808999965,40.23243460400005],[-0.349679499999979,40.222720999000046]]]]}},{"type":"Feature","properties":{"codigo":"12140","nombre":"Viver"},"geometry":{"type":"MultiPolygon","coordinates":[[[[-0.689941499999975,39.95191949900004],[-0.689871203999928,39.95664529600003],[-0.673781611999971,39.961767972000075],[-0.657425531999934,39.96292115400007],[-0.654428499999938,39.97996149900007],[-0.649894499999959,39.97998799900006],[-0.647132499999941,39.981696999000064],[-0.63526762999993,39.97028153400004],[-0.598935032999975,39.95319746200005],[-0.59040136699997,39.93253058800008],[-0.584588,39.92974449900004],[-0.587273334999963,39.91494068700007],[-0.59633424499998,39.90983422100004],[-0.598922899999934,39.89443569300005],[-0.616173040999968,39.87947800200004],[-0.627047121999965,39.883064653000076],[-0.64687349999997,39.91241449900008],[-0.664571,39.93381899900004],[-0.673749,39.940623999000024],[-0.676848499999949,39.944469499000036],[-0.689941499999975,39.95191949900004]]]]}},{"type":"Feature","properties":{"codigo":"12141","nombre":"Zorita del Maestrazgo"},"geometry":{"type":"MultiPolygon","coordinates":[[[[-0.197124499999973,40.78445799900004],[-0.162859701999935,40.78824087900006],[-0.144476499999939,40.785442499000055],[-0.145969136999952,40.77347219300003],[-0.132288342999971,40.75761145100006],[-0.10197949999997,40.742706499000064],[-0.103011550999952,40.709588290000056],[-0.110014263999972,40.69468817300003],[-0.114790890999927,40.69375562400006],[-0.13164949999998,40.69990549900007],[-0.140861831999928,40.70668337200004],[-0.162130464999962,40.714270949000024],[-0.174785001999965,40.71552301400004],[-0.181757979999929,40.725956386000064],[-0.188281494999956,40.72793570700003],[-0.21804696099997,40.72134408900007],[-0.233511499999963,40.70855299900006],[-0.239203,40.71804799900008],[-0.231882466999934,40.72877079700004],[-0.224715574999948,40.75239852100003],[-0.212787247999927,40.75884730100006],[-0.209373518999939,40.767875168000046],[-0.195386164999945,40.78230496600003],[-0.197124499999973,40.78445799900004]]]]}},{"type":"Feature","properties":{"codigo":"12142","nombre":"Zucaina"},"geometry":{"type":"MultiPolygon","coordinates":[[[[-0.482187,40.16157149900005],[-0.458518624999954,40.16239770900006],[-0.448201370999925,40.16740353600005],[-0.437935469999957,40.167544959000054],[-0.413063815999976,40.163240803000065],[-0.401468,40.15782949900006],[-0.395215353999959,40.14312462600003],[-0.404486879999979,40.137635181000064],[-0.404912897999964,40.12263469000004],[-0.413683059999926,40.12072096800006],[-0.422821668999973,40.11113896400008],[-0.405363,40.10115049900003],[-0.440843499999971,40.09880449900004],[-0.456483499999933,40.08798999900006],[-0.471424921999926,40.09924256700003],[-0.500237499999969,40.10766999900005],[-0.482827499999928,40.13249949900006],[-0.491339,40.16079699900007],[-0.482187,40.16157149900005]]]]}},{"type":"Feature","properties":{"codigo":"12901","nombre":"Alqueries, les"},"geometry":{"type":"MultiPolygon","coordinates":[[[[-0.168302499999925,39.893024499000035],[-0.14748181799996,39.89267959800003],[-0.127143025999942,39.90645638700005],[-0.09620549999994,39.904037499000026],[-0.110749755999962,39.88288147500003],[-0.137272,39.86674849900004],[-0.148523046999969,39.88064290400007],[-0.168302499999925,39.893024499000035]]]]}},{"type":"Feature","properties":{"codigo":"12902","nombre":"Sant Joan de Moró"},"geometry":{"type":"MultiPolygon","coordinates":[[[[-0.148742,40.088027999000076],[-0.144513678999942,40.08965747900004],[-0.145532,40.09570149900003],[-0.119197677999978,40.098944043000074],[-0.11414248899996,40.085384188000035],[-0.106823818999942,40.083510990000036],[-0.104255507999937,40.07622017500006],[-0.100407794999967,40.074192750000066],[-0.094083830999978,40.075400745000024],[-0.095054037999944,40.08090614400004],[-0.089922093999974,40.08385947100004],[-0.077847691999978,40.080897391000065],[-0.07156307899993,40.083397122000065],[-0.065805,40.08054949900003],[-0.092651881999927,40.06213140600005],[-0.108123296999963,40.05462724700004],[-0.126011091999942,40.05098294600003],[-0.139039760999935,40.03810870900003],[-0.157776,40.033254999000064],[-0.159876347999955,40.03899888500007],[-0.152451797999959,40.05764987900005],[-0.163875898999947,40.06643153600004],[-0.165341713999965,40.07044953600007],[-0.148742,40.088027999000076]]]]}}]}